evolution$generation,evolution$evaluated,tpsAuChamp,qPrésenceBrousse,fréquenceRéu,participants,probaDiscu,probaDenonce,objective$om_delatMil,objective$om_trees,evolution$samples,qPrésenceBrousse,om_underTrees,tpsAuChamp,participants,fréquenceRéu,nombreBergers,probaDiscu,SRepreZ,om_nbCoupe,mySeed,om_delatMil,SPop,om_charette,om_stockMil,coordination,nbSurveillants,nbProTGMax,om_trees,om_ticks,engagésInitiaux,probaDenonce,RNA,nbChampsVisités,om_delatArbres,nbCoupeurs,om_caughtCutter
100,376,80.0,0.3637775005880135,1.0,11.862956331334987,20.0,80.0,-237.74088888888878,103.0,1,"[0.3637775005880135]","[22.2]","[80.0]","[11.862956331334987]","[1.0]","[5.0]","[20.0]","[false]","[1071.0]","[-1464764971]","[-237.74088888888878]","[true]","[49.0]","[43104.35679999844]","[false]","[8.0]","[35.0]","[103.0]","[8396.0]","[40.0]","[80.0]","[true]","[5.0]","[-432.0]","[10.0]","[12.0]"
100,376,71.5007797052873,0.7097339586409528,2.8732289630621004,9.830760023990855,22.065082857598455,50.69950445349473,-1118.2757446808512,112.0,1,"[0.7097339586409528]","[22.17]","[71.5007797052873]","[9.830760023990855]","[2.8732289630621004]","[5.0]","[22.065082857598455]","[false]","[1454.0]","[-710497856]","[-1118.2757446808512]","[true]","[58.0]","[42746.785599998366]","[false]","[8.0]","[35.0]","[112.0]","[8396.0]","[40.0]","[50.69950445349473]","[true]","[5.0]","[-423.0]","[10.0]","[44.0]"
100,376,57.22462422373949,0.5775403282756104,3.34014895642178,5.158571539467417,55.3938901997451,31.115943242069832,-117.548888888889,183.0,3,"[0.5775403282756104,0.5775403282756104,0.5775403282756104]","[27.700000000000003,25.119999999999997,28.24]","[57.22462422373949,57.22462422373949,57.22462422373949]","[5.158571539467417,5.158571539467417,5.158571539467417]","[3.34014895642178,3.34014895642178,3.34014895642178]","[5.0,5.0,5.0]","[55.3938901997451,55.3938901997451,55.3938901997451]","[false,false,false]","[1589.0,1740.0,1610.0]","[1238209000,214415381,-278686531]","[-284.34311111111117,-117.548888888889,-7.325531914893759]","[true,true,true]","[46.0,53.0,49.0]","[42604.30799999809,42698.70879999824,43471.192799998156]","[false,false,false]","[8.0,8.0,8.0]","[35.0,35.0,35.0]","[206.0,169.0,183.0]","[8396.0,8396.0,8396.0]","[40.0,40.0,40.0]","[31.115943242069832,31.115943242069832,31.115943242069832]","[true,true,true]","[5.0,5.0,5.0]","[-329.0,-366.0,-352.0]","[10.0,10.0,10.0]","[37.0,60.0,75.0]"
100,376,22.256301873571253,0.27732691671261667,1.0112699405597976,22.775406818950817,54.58501635714727,21.201632977341617,-1146.897894736842,222.0,3,"[0.27732691671261667,0.27732691671261667,0.27732691671261667]","[26.77,30.020000000000003,30.55]","[22.256301873571253,22.256301873571253,22.256301873571253]","[22.775406818950817,22.775406818950817,22.775406818950817]","[1.0112699405597976,1.0112699405597976,1.0112699405597976]","[5.0,5.0,5.0]","[54.58501635714727,54.58501635714727,54.58501635714727]","[false,false,false]","[2314.0,1885.0,2240.0]","[-1731353365,2122642639,-1608706183]","[-826.8179545454545,-1146.897894736842,-1179.384]","[true,true,true]","[50.0,52.0,43.0]","[43258.352799998436,43653.2335999983,42809.38559999806]","[false,false,false]","[8.0,8.0,8.0]","[35.0,35.0,35.0]","[189.0,222.0,228.0]","[8396.0,8396.0,8396.0]","[40.0,40.0,40.0]","[21.201632977341617,21.201632977341617,21.201632977341617]","[true,true,true]","[5.0,5.0,5.0]","[-346.0,-313.0,-307.0]","[10.0,10.0,10.0]","[132.0,165.0,119.0]"
100,376,55.56027677987573,0.5325538004186177,3.256083243154973,18.169774568776134,38.82371535791083,34.10813939906511,-483.81808510638274,193.0,3,"[0.5325538004186177,0.5325538004186177,0.5325538004186177]","[27.82,28.63,28.139999999999997]","[55.56027677987573,55.56027677987573,55.56027677987573]","[18.169774568776134,18.169774568776134,18.169774568776134]","[3.256083243154973,3.256083243154973,3.256083243154973]","[5.0,5.0,5.0]","[38.82371535791083,38.82371535791083,38.82371535791083]","[false,false,false]","[2646.0,2565.0,2355.0]","[30744835,-1457528228,1195685706]","[-1160.4815217391306,145.9061538461537,-483.81808510638274]","[true,true,true]","[53.0,46.0,51.0]","[42982.411999998236,42718.740799998115,42689.19359999815]","[false,false,false]","[8.0,8.0,8.0]","[35.0,35.0,35.0]","[177.0,205.0,193.0]","[8396.0,8396.0,8396.0]","[40.0,40.0,40.0]","[34.10813939906511,34.10813939906511,34.10813939906511]","[true,true,true]","[5.0,5.0,5.0]","[-358.0,-330.0,-342.0]","[10.0,10.0,10.0]","[152.0,166.0,157.0]"
100,376,38.215866974797486,0.6156822696113733,1.8713630183499124,21.37009067362324,22.361314841353135,38.545947209702405,-1156.6932584269662,124.0,1,"[0.6156822696113733]","[24.29]","[38.215866974797486]","[21.37009067362324]","[1.8713630183499124]","[5.0]","[22.361314841353135]","[false]","[2146.0]","[-566781657]","[-1156.6932584269662]","[true]","[57.0]","[43527.53279999841]","[false]","[8.0]","[35.0]","[124.0]","[8396.0]","[40.0]","[38.545947209702405]","[true]","[5.0]","[-411.0]","[10.0]","[104.0]"
100,376,20.0,0.2,3.34014895642178,5.158571539467417,24.656741199525516,20.0,-912.8831546165119,150.0,2,"[0.2,0.2]","[24.94,23.400000000000002]","[20.0,20.0]","[5.158571539467417,5.158571539467417]","[3.34014895642178,3.34014895642178]","[5.0,5.0]","[24.656741199525516,24.656741199525516]","[false,false]","[1128.0,1119.0]","[-57231659,-1687876528]","[-683.6328260869566,-1142.1334831460672]","[true,true]","[51.0,55.0]","[42625.59199999815,42929.3271999984]","[false,false]","[8.0,8.0]","[35.0,35.0]","[157.0,143.0]","[8396.0,8396.0]","[40.0,40.0]","[20.0,20.0]","[true,true]","[5.0,5.0]","[-378.0,-392.0]","[10.0,10.0]","[21.0,12.0]"
100,376,33.76530714688591,0.2643034522585546,2.6319851273656587,9.445218840628606,21.55682086735597,21.00677654180243,-1128.1489338061465,176.0,2,"[0.2643034522585546,0.2643034522585546]","[29.080000000000002,27.99]","[33.76530714688591,33.76530714688591]","[9.445218840628606,9.445218840628606]","[2.6319851273656587,2.6319851273656587]","[5.0,5.0]","[21.55682086735597,21.55682086735597]","[false,false]","[1318.0,1413.0]","[-1932128710,954725415]","[-1108.3529787234042,-1147.944888888889]","[true,true]","[48.0,51.0]","[43835.2743999983,42749.28959999818]","[false,false]","[8.0,8.0]","[35.0,35.0]","[178.0,174.0]","[8396.0,8396.0]","[40.0,40.0]","[21.00677654180243,21.00677654180243]","[true,true]","[5.0,5.0]","[-357.0,-361.0]","[10.0,10.0]","[37.0,40.0]"
100,376,74.51746752261472,0.7721196389563638,4.562054167326724,7.695002056655421,28.128986740134184,56.97809418048243,-5.783695652173947,170.0,3,"[0.7721196389563638,0.7721196389563638,0.7721196389563638]","[23.04,30.89,27.939999999999998]","[74.51746752261472,74.51746752261472,74.51746752261472]","[7.695002056655421,7.695002056655421,7.695002056655421]","[4.562054167326724,4.562054167326724,4.562054167326724]","[5.0,5.0,5.0]","[28.128986740134184,28.128986740134184,28.128986740134184]","[false,false,false]","[1590.0,1715.0,1602.0]","[-24474697,1477319011,632583744]","[-5.783695652173947,-40.7580434782609,374.21621052631576]","[true,true,true]","[54.0,45.0,52.0]","[42605.30959999819,43489.97279999809,43402.58319999822]","[false,false,false]","[8.0,8.0,8.0]","[35.0,35.0,35.0]","[120.0,232.0,170.0]","[8396.0,8396.0,8396.0]","[40.0,40.0,40.0]","[56.97809418048243,56.97809418048243,56.97809418048243]","[true,true,true]","[5.0,5.0,5.0]","[-415.0,-303.0,-365.0]","[10.0,10.0,10.0]","[90.0,101.0,72.0]"
100,376,61.494739548478535,0.44421785931721225,4.257395701242767,5.0,38.58905036750515,49.98598273325254,-1180.881237113402,139.0,1,"[0.44421785931721225]","[25.919999999999998]","[61.494739548478535]","[5.0]","[4.257395701242767]","[5.0]","[38.58905036750515]","[false]","[1557.0]","[-145823737]","[-1180.881237113402]","[true]","[54.0]","[43059.034399998265]","[false]","[8.0]","[35.0]","[139.0]","[8396.0]","[40.0]","[49.98598273325254]","[true]","[5.0]","[-396.0]","[10.0]","[67.0]"
100,376,68.82758844515874,0.21367889826085965,2.8216223748478724,6.8298313909814565,45.101645325673246,51.31552821703208,-1180.0099999999998,137.0,1,"[0.21367889826085965]","[24.93]","[68.82758844515874]","[6.8298313909814565]","[2.8216223748478724]","[5.0]","[45.101645325673246]","[false]","[1538.0]","[-1174358953]","[-1180.0099999999998]","[true]","[57.0]","[43102.85439999828]","[false]","[8.0]","[35.0]","[137.0]","[8396.0]","[40.0]","[51.31552821703208]","[true]","[5.0]","[-398.0]","[10.0]","[51.0]"
100,376,53.03586701855233,0.37937087023685356,1.5148347482136346,14.59515790213324,39.27242797351192,37.61695764392896,-729.3415579958819,154.5,2,"[0.37937087023685356,0.37937087023685356]","[22.56,27.560000000000002]","[53.03586701855233,53.03586701855233]","[14.59515790213324,14.59515790213324]","[1.5148347482136346,1.5148347482136346]","[5.0,5.0]","[39.27242797351192,39.27242797351192]","[false,false]","[1601.0,1691.0]","[-1751030207,-1672555551]","[-948.1902127659573,-510.4929032258065]","[true,true]","[53.0,52.0]","[43162.449599998436,42735.016799998244]","[false,false]","[8.0,8.0]","[35.0,35.0]","[123.0,186.0]","[8396.0,8396.0]","[40.0,40.0]","[37.61695764392896,37.61695764392896]","[true,true]","[5.0,5.0]","[-412.0,-349.0]","[10.0,10.0]","[45.0,58.0]"
100,376,57.819987408525876,0.6131101591743879,3.1586576334222594,21.176239663189314,25.4234269712698,55.08372029977734,240.37053763440844,108.0,1,"[0.6131101591743879]","[21.2]","[57.819987408525876]","[21.176239663189314]","[3.1586576334222594]","[5.0]","[25.4234269712698]","[false]","[2259.0]","[-1357885761]","[240.37053763440844]","[true]","[58.0]","[42436.539999998386]","[false]","[8.0]","[35.0]","[108.0]","[8396.0]","[40.0]","[55.08372029977734]","[true]","[5.0]","[-427.0]","[10.0]","[185.0]"
100,376,80.0,0.47902342907927054,3.585895999008708,7.538620370817578,20.0,80.0,-686.8019148936171,115.0,1,"[0.47902342907927054]","[22.43]","[80.0]","[7.538620370817578]","[3.585895999008708]","[5.0]","[20.0]","[false]","[1576.0]","[53022850]","[-686.8019148936171]","[true]","[52.0]","[42974.39919999828]","[false]","[8.0]","[35.0]","[115.0]","[8396.0]","[40.0]","[80.0]","[true]","[5.0]","[-420.0]","[10.0]","[51.0]"
100,376,42.68686339490336,0.2,4.666047992596588,9.623639987979907,20.0,39.04001705470784,-1180.8265217391304,200.0,1,"[0.2]","[30.06]","[42.68686339490336]","[9.623639987979907]","[4.666047992596588]","[5.0]","[20.0]","[false]","[1945.0]","[137079445]","[-1180.8265217391304]","[true]","[49.0]","[43882.349599998255]","[false]","[8.0]","[35.0]","[200.0]","[8396.0]","[40.0]","[39.04001705470784]","[true]","[5.0]","[-335.0]","[10.0]","[76.0]"
100,376,50.14493647838557,0.2720962111460615,1.3375425318898948,29.449904059811274,32.21132291919598,72.46972391772219,-813.328817204301,132.0,1,"[0.2720962111460615]","[23.830000000000002]","[50.14493647838557]","[29.449904059811274]","[1.3375425318898948]","[5.0]","[32.21132291919598]","[false]","[1995.0]","[548213661]","[-813.328817204301]","[true]","[53.0]","[43313.69119999829]","[false]","[8.0]","[35.0]","[132.0]","[8396.0]","[40.0]","[72.46972391772219]","[true]","[5.0]","[-403.0]","[10.0]","[117.0]"
100,376,51.26995182149285,0.4385369820484299,4.411022698511128,7.697455735183063,27.354095743506832,37.430049457501305,-831.78665790731,184.0,2,"[0.4385369820484299,0.4385369820484299]","[29.520000000000003,26.36]","[51.26995182149285,51.26995182149285]","[7.697455735183063,7.697455735183063]","[4.411022698511128,4.411022698511128]","[5.0,5.0]","[27.354095743506832,27.354095743506832]","[false,false]","[1694.0,1773.0]","[-338239828,1976489991]","[-1171.0282608695652,-492.54505494505486]","[true,true]","[48.0,49.0]","[43932.679999998225,43469.69039999834]","[false,false]","[8.0,8.0]","[35.0,35.0]","[206.0,162.0]","[8396.0,8396.0]","[40.0,40.0]","[37.430049457501305,37.430049457501305]","[true,true]","[5.0,5.0]","[-329.0,-373.0]","[10.0,10.0]","[65.0,67.0]"
100,376,61.421566596177136,0.6220949328332863,2.019599070722287,5.0,20.0,39.75040104558759,-1174.54914893617,182.0,1,"[0.6220949328332863]","[26.71]","[61.421566596177136]","[5.0]","[2.019599070722287]","[5.0]","[20.0]","[false]","[1491.0]","[-1070203502]","[-1174.54914893617]","[true]","[53.0]","[42937.590399998175]","[false]","[8.0]","[35.0]","[182.0]","[8396.0]","[40.0]","[39.75040104558759]","[true]","[5.0]","[-353.0]","[10.0]","[25.0]"
100,376,51.2065545878281,0.25025890837685805,2.019599070722287,10.084850573142713,24.57018072810763,40.956598125440294,-19.344852258852285,156.0,2,"[0.25025890837685805,0.25025890837685805]","[29.049999999999997,23.23]","[51.2065545878281,51.2065545878281]","[10.084850573142713,10.084850573142713]","[2.019599070722287,2.019599070722287]","[5.0,5.0]","[24.57018072810763,24.57018072810763]","[false,false]","[1609.0,1719.0]","[-818157404,1132295366]","[352.07340659340645,-390.763111111111]","[true,true]","[52.0,53.0]","[44438.73839999822,42805.128799998514]","[false,false]","[8.0,8.0]","[35.0,35.0]","[189.0,123.0]","[8396.0,8396.0]","[40.0,40.0]","[40.956598125440294,40.956598125440294]","[true,true]","[5.0,5.0]","[-346.0,-412.0]","[10.0,10.0]","[42.0,57.0]"
100,376,26.303520713476594,0.5472220974565356,4.064198088959243,11.966915126165873,47.464054230700235,23.430056730388262,-473.10706038647334,160.5,2,"[0.5472220974565356,0.5472220974565356]","[28.84,23.880000000000003]","[26.303520713476594,26.303520713476594]","[11.966915126165873,11.966915126165873]","[4.064198088959243,4.064198088959243]","[5.0,5.0]","[47.464054230700235,47.464054230700235]","[false,false]","[2171.0,2164.0]","[1993562966,1624218575]","[-582.2495555555556,-363.9645652173911]","[true,true]","[54.0,54.0]","[43081.06959999802,42595.29359999827]","[false,false]","[8.0,8.0]","[35.0,35.0]","[192.0,129.0]","[8396.0,8396.0]","[40.0,40.0]","[23.430056730388262,23.430056730388262]","[true,true]","[5.0,5.0]","[-343.0,-406.0]","[10.0,10.0]","[131.0,159.0]"
100,376,44.071924514731194,0.2,3.223655715597795,14.519093397741313,20.0,20.0,-792.6551111111114,132.0,1,"[0.2]","[26.040000000000003]","[44.071924514731194]","[14.519093397741313]","[3.223655715597795]","[5.0]","[20.0]","[false]","[1868.0]","[1975298598]","[-792.6551111111114]","[true]","[55.0]","[43186.98879999823]","[false]","[8.0]","[35.0]","[132.0]","[8396.0]","[40.0]","[20.0]","[true]","[5.0]","[-403.0]","[10.0]","[86.0]"
100,376,57.324319562759996,0.3680628477831587,2.0150537525045777,21.879900028986494,35.198143056108286,77.76616744813762,-454.1135708112112,161.0,2,"[0.3680628477831587,0.3680628477831587]","[27.08,25.979999999999997]","[57.324319562759996,57.324319562759996]","[21.879900028986494,21.879900028986494]","[2.0150537525045777,2.0150537525045777]","[5.0,5.0]","[35.198143056108286,35.198143056108286]","[false,false]","[2548.0,2523.0]","[454555892,-1971092995]","[245.19505617977518,-1153.4221978021976]","[true,true]","[52.0,54.0]","[42986.16799999821,43571.10239999832]","[false,false]","[8.0,8.0]","[35.0,35.0]","[167.0,155.0]","[8396.0,8396.0]","[40.0,40.0]","[77.76616744813762,77.76616744813762]","[true,true]","[5.0,5.0]","[-368.0,-380.0]","[10.0,10.0]","[170.0,194.0]"
100,376,63.24028995321618,0.7608801799144611,1.4615093463021145,19.58037878206092,23.052899819088278,44.496922474652074,-517.2595911615267,181.5,2,"[0.7608801799144611,0.7608801799144611]","[26.900000000000002,28.42]","[63.24028995321618,63.24028995321618]","[19.58037878206092,19.58037878206092]","[1.4615093463021145,1.4615093463021145]","[5.0,5.0]","[23.052899819088278,23.052899819088278]","[false,false]","[1679.0,1801.0]","[-2143038431,-292493352]","[-948.5619780219782,-85.95720430107525]","[true,true]","[51.0,44.0]","[42107.76479999805,42661.14879999808]","[false,false]","[8.0,8.0]","[35.0,35.0]","[163.0,200.0]","[8396.0,8396.0]","[40.0,40.0]","[44.496922474652074,44.496922474652074]","[true,true]","[5.0,5.0]","[-372.0,-335.0]","[10.0,10.0]","[37.0,64.0]"
100,376,50.144936478385574,0.7266520023406999,1.036616924064046,29.449904059811285,36.44430991430727,72.4697239177222,-494.19978260869556,126.0,1,"[0.7266520023406999]","[23.27]","[50.144936478385574]","[29.449904059811285]","[1.036616924064046]","[5.0]","[36.44430991430727]","[false]","[2350.0]","[1361520119]","[-494.19978260869556]","[true]","[54.0]","[42790.605599998344]","[false]","[8.0]","[35.0]","[126.0]","[8396.0]","[40.0]","[72.4697239177222]","[true]","[5.0]","[-409.0]","[10.0]","[152.0]"
100,376,44.071924514731194,0.8,3.223655715597795,18.921039803056463,25.85686442836819,20.0,-46.67782608695654,115.0,1,"[0.8]","[23.77]","[44.071924514731194]","[18.921039803056463]","[3.223655715597795]","[5.0]","[25.85686442836819]","[false]","[2188.0]","[183185944]","[-46.67782608695654]","[true]","[55.0]","[43110.867199998334]","[false]","[8.0]","[35.0]","[115.0]","[8396.0]","[40.0]","[20.0]","[true]","[5.0]","[-420.0]","[10.0]","[154.0]"
100,376,24.321722811152377,0.2,3.2802259671632665,14.191854324478605,34.001500352361646,52.927533762095436,-1124.2421505376344,157.0,1,"[0.2]","[24.990000000000002]","[24.321722811152377]","[14.191854324478605]","[3.2802259671632665]","[5.0]","[34.001500352361646]","[false]","[1990.0]","[-1114951427]","[-1124.2421505376344]","[true]","[50.0]","[43127.14319999832]","[false]","[8.0]","[35.0]","[157.0]","[8396.0]","[40.0]","[52.927533762095436]","[true]","[5.0]","[-378.0]","[10.0]","[123.0]"
100,376,55.89945246715061,0.32784857073834606,1.2181277303941496,10.006350036627433,42.3676751285749,67.56634328249149,-1135.4514606741573,163.0,1,"[0.32784857073834606]","[25.069999999999997]","[55.89945246715061]","[10.006350036627433]","[1.2181277303941496]","[5.0]","[42.3676751285749]","[false]","[1503.0]","[700745853]","[-1135.4514606741573]","[true]","[53.0]","[43097.59599999837]","[false]","[8.0]","[35.0]","[163.0]","[8396.0]","[40.0]","[67.56634328249149]","[true]","[5.0]","[-372.0]","[10.0]","[55.0]"
100,376,55.89945246715061,0.46653626791113134,1.0,10.006350036627433,20.0,47.657750492385716,-285.1702173913044,130.0,1,"[0.46653626791113134]","[22.56]","[55.89945246715061]","[10.006350036627433]","[1.0]","[5.0]","[20.0]","[false]","[1123.0]","[-992882790]","[-285.1702173913044]","[true]","[56.0]","[42430.27999999836]","[false]","[8.0]","[35.0]","[130.0]","[8396.0]","[40.0]","[47.657750492385716]","[true]","[5.0]","[-405.0]","[10.0]","[4.0]"
100,376,68.67486635463254,0.5366790722735232,3.458512804404994,8.378274666758792,48.53982620549135,49.769099861558175,-836.1571428571428,141.0,1,"[0.5366790722735232]","[25.369999999999997]","[68.67486635463254]","[8.378274666758792]","[3.458512804404994]","[5.0]","[48.53982620549135]","[false]","[1821.0]","[-665993115]","[-836.1571428571428]","[true]","[56.0]","[41888.66479999812]","[false]","[8.0]","[35.0]","[141.0]","[8396.0]","[40.0]","[49.769099861558175]","[true]","[5.0]","[-394.0]","[10.0]","[99.0]"
100,376,71.5007797052873,0.2,2.8732289630621004,5.0,22.065082857598455,50.69950445349473,-604.1188581560283,202.0,2,"[0.2,0.2]","[29.82,30.86]","[71.5007797052873,71.5007797052873]","[5.0,5.0]","[2.8732289630621004,2.8732289630621004]","[5.0,5.0]","[22.065082857598455,22.065082857598455]","[false,false]","[1319.0,1291.0]","[-1728050050,-794515273]","[-1180.2763829787234,-27.961333333333243]","[true,true]","[49.0,49.0]","[43732.61039999825,43631.69919999818]","[false,false]","[8.0,8.0]","[35.0,35.0]","[187.0,217.0]","[8396.0,8396.0]","[40.0,40.0]","[50.69950445349473,50.69950445349473]","[true,true]","[5.0,5.0]","[-348.0,-318.0]","[10.0,10.0]","[31.0,27.0]"
100,376,50.14493647838557,0.5832797376936059,1.036616924064046,29.44990405981128,40.34181995990657,72.4697239177222,-12.179782608695803,118.0,1,"[0.5832797376936059]","[24.3]","[50.14493647838557]","[29.44990405981128]","[1.036616924064046]","[5.0]","[40.34181995990657]","[false]","[1920.0]","[-1708864713]","[-12.179782608695803]","[true]","[53.0]","[41918.71279999831]","[false]","[8.0]","[35.0]","[118.0]","[8396.0]","[40.0]","[72.4697239177222]","[true]","[5.0]","[-417.0]","[10.0]","[127.0]"
100,376,62.250863748806765,0.8,1.1058536417204672,24.04144231877181,50.88061377173053,20.0,78.28439560439551,117.0,1,"[0.8]","[23.56]","[62.250863748806765]","[24.04144231877181]","[1.1058536417204672]","[5.0]","[50.88061377173053]","[false]","[1692.0]","[262727801]","[78.28439560439551]","[true]","[58.0]","[41822.05839999809]","[false]","[8.0]","[35.0]","[117.0]","[8396.0]","[40.0]","[20.0]","[true]","[5.0]","[-418.0]","[10.0]","[82.0]"
100,376,40.61116002552695,0.4663473846956786,3.633890087845953,9.177668983802125,44.63676059679595,67.63204466653923,-1148.4744086021508,183.0,1,"[0.4663473846956786]","[27.689999999999998]","[40.61116002552695]","[9.177668983802125]","[3.633890087845953]","[5.0]","[44.63676059679595]","[false]","[1879.0]","[1642877493]","[-1148.4744086021508]","[true]","[52.0]","[42954.367199998196]","[false]","[8.0]","[35.0]","[183.0]","[8396.0]","[40.0]","[67.63204466653923]","[true]","[5.0]","[-352.0]","[10.0]","[122.0]"
100,376,33.44615488198046,0.2,3.943574129358688,17.41945921626015,26.74728768769247,50.5561243062415,-920.1512087912088,155.0,1,"[0.2]","[26.179999999999996]","[33.44615488198046]","[17.41945921626015]","[3.943574129358688]","[5.0]","[26.74728768769247]","[false]","[2067.0]","[-665418495]","[-920.1512087912088]","[true]","[52.0]","[43285.39599999836]","[false]","[8.0]","[35.0]","[155.0]","[8396.0]","[40.0]","[50.5561243062415]","[true]","[5.0]","[-380.0]","[10.0]","[177.0]"
100,376,23.13260616139985,0.2,2.897744615273533,19.768552366102824,40.22018317222285,20.50405338949923,-1155.5421505376344,301.0,1,"[0.2]","[33.35]","[23.13260616139985]","[19.768552366102824]","[2.897744615273533]","[5.0]","[40.22018317222285]","[false]","[1825.0]","[-1307302795]","[-1155.5421505376344]","[true]","[56.0]","[44565.4407999979]","[false]","[8.0]","[35.0]","[301.0]","[8396.0]","[40.0]","[20.50405338949923]","[true]","[5.0]","[-234.0]","[10.0]","[187.0]"
100,376,61.28871040127086,0.3858578653227992,1.6523958032640529,7.151019452142489,45.90389812962118,51.5652656588356,-60.458802035152644,178.5,2,"[0.3858578653227992,0.3858578653227992]","[26.44,27.62]","[61.28871040127086,61.28871040127086]","[7.151019452142489,7.151019452142489]","[1.6523958032640529,1.6523958032640529]","[5.0,5.0]","[45.90389812962118,45.90389812962118]","[false,false]","[1506.0,1457.0]","[2147114258,1898675789]","[-184.4702127659575,63.552608695652225]","[true,true]","[50.0,48.0]","[42712.23039999816,43454.66639999823]","[false,false]","[8.0,8.0]","[35.0,35.0]","[182.0,175.0]","[8396.0,8396.0]","[40.0,40.0]","[51.5652656588356,51.5652656588356]","[true,true]","[5.0,5.0]","[-353.0,-360.0]","[10.0,10.0]","[36.0,33.0]"
100,376,25.61403786104959,0.2898284755092996,2.1238983390714754,10.130256818031793,42.660963363039166,79.9416841236116,-125.3290721649484,129.0,1,"[0.2898284755092996]","[25.130000000000003]","[25.61403786104959]","[10.130256818031793]","[2.1238983390714754]","[5.0]","[42.660963363039166]","[false]","[1420.0]","[-833827196]","[-125.3290721649484]","[true]","[57.0]","[41494.03439999808]","[false]","[8.0]","[35.0]","[129.0]","[8396.0]","[40.0]","[79.9416841236116]","[true]","[5.0]","[-406.0]","[10.0]","[88.0]"
100,376,80.0,0.2,1.036126142185497,19.96806310746929,54.358233794375316,20.0,-1150.3097777777778,205.0,1,"[0.2]","[28.849999999999998]","[80.0]","[19.96806310746929]","[1.036126142185497]","[5.0]","[54.358233794375316]","[false]","[1688.0]","[-2040081515]","[-1150.3097777777778]","[true]","[45.0]","[43853.80399999826]","[false]","[8.0]","[35.0]","[205.0]","[8396.0]","[40.0]","[20.0]","[true]","[5.0]","[-330.0]","[10.0]","[59.0]"
100,376,42.476310830434514,0.266428421244388,3.661150091611761,12.394673607527817,23.215806718756447,66.13580019935972,-5.386713707345393,165.0,2,"[0.266428421244388,0.266428421244388]","[28.17,26.029999999999998]","[42.476310830434514,42.476310830434514]","[12.394673607527817,12.394673607527817]","[3.661150091611761,3.661150091611761]","[5.0,5.0]","[23.215806718756447,23.215806718756447]","[false,false]","[1972.0,2022.0]","[-1443239153,1595164553]","[-215.17890109890118,204.4054736842104]","[true,true]","[50.0,50.0]","[43498.98719999841,42684.1855999981]","[false,false]","[8.0,8.0]","[35.0,35.0]","[163.0,167.0]","[8396.0,8396.0]","[40.0,40.0]","[66.13580019935972,66.13580019935972]","[true,true]","[5.0,5.0]","[-372.0,-368.0]","[10.0,10.0]","[109.0,132.0]"
100,376,42.33431626980436,0.4554574360291769,3.238560982683401,20.13031551435251,38.79701426994568,49.90047360992831,-1152.3964444444443,795.0,1,"[0.4554574360291769]","[53.12]","[42.33431626980436]","[20.13031551435251]","[3.238560982683401]","[5.0]","[38.79701426994568]","[false]","[1900.0]","[224525442]","[-1152.3964444444443]","[true]","[42.0]","[46703.85679999698]","[false]","[8.0]","[35.0]","[795.0]","[8396.0]","[40.0]","[49.90047360992831]","[true]","[5.0]","[260.0]","[10.0]","[223.0]"
100,376,20.0,0.6264964594064164,2.2077050714932294,5.0,20.0,65.95760696969313,-1030.5610989010988,171.0,1,"[0.6264964594064164]","[27.55]","[20.0]","[5.0]","[2.2077050714932294]","[5.0]","[20.0]","[false]","[1259.0]","[-1735855553]","[-1030.5610989010988]","[true]","[53.0]","[43259.354399998185]","[false]","[8.0]","[35.0]","[171.0]","[8396.0]","[40.0]","[65.95760696969313]","[true]","[5.0]","[-364.0]","[10.0]","[25.0]"
100,376,70.41670100763848,0.2,4.560771785141033,5.0,48.53982620549135,64.19894865490421,-982.3436956521738,168.0,1,"[0.2]","[27.689999999999998]","[70.41670100763848]","[5.0]","[4.560771785141033]","[5.0]","[48.53982620549135]","[false]","[1801.0]","[-1588194031]","[-982.3436956521738]","[true]","[47.0]","[42972.896799998365]","[false]","[8.0]","[35.0]","[168.0]","[8396.0]","[40.0]","[64.19894865490421]","[true]","[5.0]","[-367.0]","[10.0]","[112.0]"
100,376,61.422848730701766,0.2,1.7232784272755972,5.0,27.354095743506832,47.56620097692162,-409.5828571428571,133.0,1,"[0.2]","[22.62]","[61.422848730701766]","[5.0]","[1.7232784272755972]","[5.0]","[27.354095743506832]","[false]","[1204.0]","[-1773803755]","[-409.5828571428571]","[true]","[53.0]","[43176.97279999837]","[false]","[8.0]","[35.0]","[133.0]","[8396.0]","[40.0]","[47.56620097692162]","[true]","[5.0]","[-402.0]","[10.0]","[12.0]"
100,376,45.00258284251949,0.7630818877759151,5.0,5.0,41.78515963651135,20.0,-56.42130361242005,181.0,2,"[0.7630818877759151,0.7630818877759151]","[28.76,27.22]","[45.00258284251949,45.00258284251949]","[5.0,5.0]","[5.0,5.0]","[5.0,5.0]","[41.78515963651135,41.78515963651135]","[false,false]","[1570.0,1566.0]","[-1850553350,1665735916]","[94.81438202247182,-207.6569892473119]","[true,true]","[45.0,49.0]","[42261.259999998074,42980.90959999821]","[false,false]","[8.0,8.0]","[35.0,35.0]","[190.0,172.0]","[8396.0,8396.0]","[40.0,40.0]","[20.0,20.0]","[true,true]","[5.0,5.0]","[-345.0,-363.0]","[10.0,10.0]","[45.0,52.0]"
100,376,80.0,0.632070589378765,5.0,14.053232210004019,29.696034842987427,33.898123086312715,-142.06356140350883,182.5,2,"[0.632070589378765,0.632070589378765]","[26.83,28.96]","[80.0,80.0]","[14.053232210004019,14.053232210004019]","[5.0,5.0]","[5.0,5.0]","[29.696034842987427,29.696034842987427]","[false,false]","[2496.0,2196.0]","[736264988,609948829]","[-649.9197894736844,365.7926666666668]","[true,true]","[54.0,44.0]","[41982.56479999821,43713.32959999814]","[false,false]","[8.0,8.0]","[35.0,35.0]","[173.0,192.0]","[8396.0,8396.0]","[40.0,40.0]","[33.898123086312715,33.898123086312715]","[true,true]","[5.0,5.0]","[-362.0,-343.0]","[10.0,10.0]","[215.0,161.0]"
100,376,76.48155203458656,0.48728534021731823,1.958580165307933,22.56982807007244,37.37746198842002,42.76546267810875,196.66881591119324,171.5,2,"[0.48728534021731823,0.48728534021731823]","[25.71,26.58]","[76.48155203458656,76.48155203458656]","[22.56982807007244,22.56982807007244]","[1.958580165307933,1.958580165307933]","[5.0,5.0]","[37.37746198842002,37.37746198842002]","[false,false]","[1902.0,2140.0]","[-225784372,601238094]","[376.5989361702126,16.738695652173874]","[true,true]","[56.0,50.0]","[42903.03519999815,41855.11119999809]","[false,false]","[8.0,8.0]","[35.0,35.0]","[160.0,183.0]","[8396.0,8396.0]","[40.0,40.0]","[42.76546267810875,42.76546267810875]","[true,true]","[5.0,5.0]","[-375.0,-352.0]","[10.0,10.0]","[140.0,124.0]"
100,376,42.68686339490337,0.47268745658310535,4.649691810061562,9.59843290985344,20.48354695651887,67.00574116372586,-933.6625263157894,168.0,1,"[0.47268745658310535]","[26.05]","[42.68686339490337]","[9.59843290985344]","[4.649691810061562]","[5.0]","[20.48354695651887]","[false]","[1992.0]","[-1312342739]","[-933.6625263157894]","[true]","[50.0]","[42170.364799998024]","[false]","[8.0]","[35.0]","[168.0]","[8396.0]","[40.0]","[67.00574116372586]","[true]","[5.0]","[-367.0]","[10.0]","[132.0]"
100,376,24.321722811152377,0.6680749720797312,3.2802259671632665,14.191854324478605,50.58328559702777,20.7132582767022,118.40150537634412,127.0,1,"[0.6680749720797312]","[22.41]","[24.321722811152377]","[14.191854324478605]","[3.2802259671632665]","[5.0]","[50.58328559702777]","[false]","[2287.0]","[1272040344]","[118.40150537634412]","[true]","[58.0]","[42325.86319999825]","[false]","[8.0]","[35.0]","[127.0]","[8396.0]","[40.0]","[20.7132582767022]","[true]","[5.0]","[-408.0]","[10.0]","[146.0]"
100,376,55.56027677987572,0.36324445980692277,1.394371415643499,30.0,20.0,34.10813939906511,405.9774736842105,125.0,1,"[0.36324445980692277]","[24.6]","[55.56027677987572]","[30.0]","[1.394371415643499]","[5.0]","[20.0]","[false]","[1927.0]","[1124415185]","[405.9774736842105]","[true]","[56.0]","[42868.479999998315]","[false]","[8.0]","[35.0]","[125.0]","[8396.0]","[40.0]","[34.10813939906511]","[true]","[5.0]","[-410.0]","[10.0]","[114.0]"
100,376,45.00258284251949,0.7630818877759151,2.4476963229804456,14.012403039936046,41.78515963651135,37.543019631042945,-156.11668840579716,206.5,2,"[0.7630818877759151,0.7630818877759151]","[28.93,28.749999999999996]","[45.00258284251949,45.00258284251949]","[14.012403039936046,14.012403039936046]","[2.4476963229804456,2.4476963229804456]","[5.0,5.0]","[41.78515963651135,41.78515963651135]","[false,false]","[1874.0,1940.0]","[-494976888,-904919877]","[338.8746666666666,-651.1080434782609]","[true,true]","[46.0,46.0]","[43410.846399998285,43494.730399998254]","[false,false]","[8.0,8.0]","[35.0,35.0]","[213.0,200.0]","[8396.0,8396.0]","[40.0,40.0]","[37.543019631042945,37.543019631042945]","[true,true]","[5.0,5.0]","[-322.0,-335.0]","[10.0,10.0]","[88.0,77.0]"
100,376,20.0,0.2,4.222888424534345,10.11316918624782,29.69501016658222,45.167455733525,-1094.521875,188.0,1,"[0.2]","[28.32]","[20.0]","[10.11316918624782]","[4.222888424534345]","[5.0]","[29.69501016658222]","[false]","[1657.0]","[1879021688]","[-1094.521875]","[true]","[51.0]","[43263.61119999824]","[false]","[8.0]","[35.0]","[188.0]","[8396.0]","[40.0]","[45.167455733525]","[true]","[5.0]","[-347.0]","[10.0]","[123.0]"
100,376,20.0,0.2,5.0,5.0,20.0,45.167455733525,-1007.3272340425532,186.0,1,"[0.2]","[28.189999999999998]","[20.0]","[5.0]","[5.0]","[5.0]","[20.0]","[false]","[1173.0]","[-2093842526]","[-1007.3272340425532]","[true]","[54.0]","[42988.4215999981]","[false]","[8.0]","[35.0]","[186.0]","[8396.0]","[40.0]","[45.167455733525]","[true]","[5.0]","[-349.0]","[10.0]","[46.0]"
100,376,63.24028995321618,0.3290803414439345,2.0493609099751944,19.58037878206092,23.052899819088278,44.496922474652074,-916.1905747126436,173.0,1,"[0.3290803414439345]","[25.979999999999997]","[63.24028995321618]","[19.58037878206092]","[2.0493609099751944]","[5.0]","[23.052899819088278]","[false]","[2063.0]","[-483454635]","[-916.1905747126436]","[true]","[52.0]","[41314.247199997975]","[false]","[8.0]","[35.0]","[173.0]","[8396.0]","[40.0]","[44.496922474652074]","[true]","[5.0]","[-362.0]","[10.0]","[133.0]"
100,376,50.14493647838557,0.35517137876291127,1.3375425318898948,29.449904059811278,32.21132291919598,72.46972391772219,-894.3634782608696,168.0,1,"[0.35517137876291127]","[27.200000000000003]","[50.14493647838557]","[29.449904059811278]","[1.3375425318898948]","[5.0]","[32.21132291919598]","[false]","[2144.0]","[1627786434]","[-894.3634782608696]","[true]","[53.0]","[42246.23599999812]","[false]","[8.0]","[35.0]","[168.0]","[8396.0]","[40.0]","[72.46972391772219]","[true]","[5.0]","[-367.0]","[10.0]","[123.0]"
100,376,71.5007797052873,0.2,5.0,5.511637557598908,25.643731686337755,20.0,-1017.0780219780221,190.0,1,"[0.2]","[28.84]","[71.5007797052873]","[5.511637557598908]","[5.0]","[5.0]","[25.643731686337755]","[false]","[1581.0]","[-2048223412]","[-1017.0780219780221]","[true]","[51.0]","[43437.13839999809]","[false]","[8.0]","[35.0]","[190.0]","[8396.0]","[40.0]","[20.0]","[true]","[5.0]","[-345.0]","[10.0]","[42.0]"
100,376,65.4844958449213,0.55470084227022,1.4555111338466784,23.517901649134885,41.98247968010719,55.019465842364795,-678.4011235955056,156.0,1,"[0.55470084227022]","[26.6]","[65.4844958449213]","[23.517901649134885]","[1.4555111338466784]","[5.0]","[41.98247968010719]","[false]","[2241.0]","[-1582273421]","[-678.4011235955056]","[true]","[52.0]","[42150.082399998035]","[false]","[8.0]","[35.0]","[156.0]","[8396.0]","[40.0]","[55.019465842364795]","[true]","[5.0]","[-379.0]","[10.0]","[112.0]"
100,376,21.800944565031898,0.6238103007718341,4.222888424534345,6.043062314018406,29.69501016658222,23.19005578971243,401.15936389360496,182.5,2,"[0.6238103007718341,0.6238103007718341]","[29.78,25.64]","[21.800944565031898,21.800944565031898]","[6.043062314018406,6.043062314018406]","[4.222888424534345,4.222888424534345]","[5.0,5.0]","[29.69501016658222,29.69501016658222]","[false,false]","[1730.0,1530.0]","[-176819393,-971511469]","[399.8995698924729,402.419157894737]","[true,true]","[49.0,52.0]","[42719.24159999797,43321.45359999838]","[false,false]","[8.0,8.0]","[35.0,35.0]","[209.0,156.0]","[8396.0,8396.0]","[40.0,40.0]","[23.19005578971243,23.19005578971243]","[true,true]","[5.0,5.0]","[-326.0,-379.0]","[10.0,10.0]","[51.0,46.0]"
100,376,62.250863748806765,0.5998999026726235,1.1058536417204672,24.8977644449079,50.88061377173053,23.89785193545039,31.41594023953573,185.5,2,"[0.5998999026726235,0.5998999026726235]","[28.18,26.93]","[62.250863748806765,62.250863748806765]","[24.8977644449079,24.8977644449079]","[1.1058536417204672,1.1058536417204672]","[5.0,5.0]","[50.88061377173053,50.88061377173053]","[false,false]","[2053.0,1793.0]","[-1207337450,314698892]","[-340.00943820224717,402.8413186813186]","[true,true]","[44.0,48.0]","[43689.29119999829,41187.79519999797]","[false,false]","[8.0,8.0]","[35.0,35.0]","[207.0,164.0]","[8396.0,8396.0]","[40.0,40.0]","[23.89785193545039,23.89785193545039]","[true,true]","[5.0,5.0]","[-328.0,-371.0]","[10.0,10.0]","[100.0,52.0]"
100,376,80.0,0.46103164961593857,3.2236557155977947,14.519093397741312,41.917687324898665,29.125459331415918,-622.2017977528091,164.0,1,"[0.46103164961593857]","[26.229999999999997]","[80.0]","[14.519093397741312]","[3.2236557155977947]","[5.0]","[41.917687324898665]","[false]","[2001.0]","[690049947]","[-622.2017977528091]","[true]","[54.0]","[43332.220799998264]","[false]","[8.0]","[35.0]","[164.0]","[8396.0]","[40.0]","[29.125459331415918]","[true]","[5.0]","[-371.0]","[10.0]","[145.0]"
100,376,40.24943229530399,0.2,1.9004109850868072,7.4025823822135575,27.92605037156403,28.730655379465,-366.47638297872345,157.0,1,"[0.2]","[27.389999999999997]","[40.24943229530399]","[7.4025823822135575]","[1.9004109850868072]","[5.0]","[27.92605037156403]","[false]","[1238.0]","[2065598752]","[-366.47638297872345]","[true]","[53.0]","[42250.743199998105]","[false]","[8.0]","[35.0]","[157.0]","[8396.0]","[40.0]","[28.730655379465]","[true]","[5.0]","[-378.0]","[10.0]","[24.0]"
100,376,37.26077982390262,0.7399949198907851,1.2275473928425207,10.673206146204047,49.72646749927331,78.405647640507,204.60315789473685,138.0,1,"[0.7399949198907851]","[24.79]","[37.26077982390262]","[10.673206146204047]","[1.2275473928425207]","[5.0]","[49.72646749927331]","[false]","[1619.0]","[1579669058]","[204.60315789473685]","[true]","[57.0]","[43311.938399998304]","[false]","[8.0]","[35.0]","[138.0]","[8396.0]","[40.0]","[78.405647640507]","[true]","[5.0]","[-397.0]","[10.0]","[106.0]"
100,376,61.42162664229587,0.2184935551254959,4.756394986317488,7.8610805456428405,29.696034842987423,33.898123086312715,14.776511627906814,151.0,1,"[0.2184935551254959]","[24.33]","[61.42162664229587]","[7.8610805456428405]","[4.756394986317488]","[5.0]","[29.696034842987423]","[false]","[1877.0]","[1898916117]","[14.776511627906814]","[true]","[51.0]","[42684.936799998286]","[false]","[8.0]","[35.0]","[151.0]","[8396.0]","[40.0]","[33.898123086312715]","[true]","[5.0]","[-384.0]","[10.0]","[90.0]"
100,376,63.24028995321617,0.65555954403306,1.4615093463021145,14.588204917158707,23.052899819088278,63.10721723460478,272.62300000000005,188.0,2,"[0.65555954403306,0.65555954403306]","[29.189999999999998,27.1]","[63.24028995321617,63.24028995321617]","[14.588204917158707,14.588204917158707]","[1.4615093463021145,1.4615093463021145]","[5.0,5.0]","[23.052899819088278,23.052899819088278]","[false,false]","[1480.0,1435.0]","[-577454572,1573472794]","[267.302,277.9440000000001]","[true,true]","[46.0,47.0]","[43417.10639999828,43471.94399999832]","[false,false]","[8.0,8.0]","[35.0,35.0]","[200.0,176.0]","[8396.0,8396.0]","[40.0,40.0]","[63.10721723460478,63.10721723460478]","[true,true]","[5.0,5.0]","[-335.0,-359.0]","[10.0,10.0]","[69.0,43.0]"
100,376,25.61403786104959,0.5448406598504824,2.1238983390714754,10.130256818031793,33.591003739226515,79.9416841236116,-884.2582978723403,185.0,1,"[0.5448406598504824]","[27.950000000000003]","[25.61403786104959]","[10.130256818031793]","[2.1238983390714754]","[5.0]","[33.591003739226515]","[false]","[1501.0]","[942217087]","[-884.2582978723403]","[true]","[48.0]","[41861.87199999794]","[false]","[8.0]","[35.0]","[185.0]","[8396.0]","[40.0]","[79.9416841236116]","[true]","[5.0]","[-350.0]","[10.0]","[79.0]"
100,376,80.0,0.8,3.5103455365478604,5.0,20.0,49.272890530229844,429.5751111111111,136.0,1,"[0.8]","[24.59]","[80.0]","[5.0]","[3.5103455365478604]","[5.0]","[20.0]","[false]","[1226.0]","[70177213]","[429.5751111111111]","[true]","[54.0]","[43375.28959999862]","[false]","[8.0]","[35.0]","[136.0]","[8396.0]","[40.0]","[49.272890530229844]","[true]","[5.0]","[-399.0]","[10.0]","[24.0]"
100,376,20.0,0.3016646995700945,2.2077050714932294,10.411495205090223,56.2421988038294,65.95760696969313,-120.53977777777789,155.0,1,"[0.3016646995700945]","[26.57]","[20.0]","[10.411495205090223]","[2.2077050714932294]","[5.0]","[56.2421988038294]","[false]","[1862.0]","[-564344224]","[-120.53977777777789]","[true]","[57.0]","[41930.23119999807]","[false]","[8.0]","[35.0]","[155.0]","[8396.0]","[40.0]","[65.95760696969313]","[true]","[5.0]","[-380.0]","[10.0]","[181.0]"
100,376,25.665295226186004,0.42871008370649344,1.8713630183499124,14.376783419006356,22.361314841353135,47.882060429284,187.66958333333324,145.0,1,"[0.42871008370649344]","[25.619999999999997]","[25.665295226186004]","[14.376783419006356]","[1.8713630183499124]","[5.0]","[22.361314841353135]","[false]","[1581.0]","[225597712]","[187.66958333333324]","[true]","[52.0]","[41676.82639999809]","[false]","[8.0]","[35.0]","[145.0]","[8396.0]","[40.0]","[47.882060429284]","[true]","[5.0]","[-390.0]","[10.0]","[42.0]"
100,376,50.17924878595098,0.5171981100229435,2.019599070722287,11.229094377937614,20.0,20.0,-420.3242222222221,163.0,1,"[0.5171981100229435]","[27.02]","[50.17924878595098]","[11.229094377937614]","[2.019599070722287]","[5.0]","[20.0]","[false]","[1821.0]","[1032769306]","[-420.3242222222221]","[true]","[53.0]","[43429.12559999836]","[false]","[8.0]","[35.0]","[163.0]","[8396.0]","[40.0]","[20.0]","[true]","[5.0]","[-372.0]","[10.0]","[45.0]"
100,376,20.484441259969376,0.2,5.0,26.076497459129968,27.92605037156403,20.0,95.03212765957443,154.0,1,"[0.2]","[25.27]","[20.484441259969376]","[26.076497459129968]","[5.0]","[5.0]","[27.92605037156403]","[false]","[1985.0]","[-1967933759]","[95.03212765957443]","[true]","[52.0]","[42593.290399998325]","[false]","[8.0]","[35.0]","[154.0]","[8396.0]","[40.0]","[20.0]","[true]","[5.0]","[-381.0]","[10.0]","[165.0]"
100,376,41.2093774326024,0.6577821946327014,2.7761578518753263,19.96806310746929,20.0,33.982951439533956,-147.6821505376342,159.0,1,"[0.6577821946327014]","[26.43]","[41.2093774326024]","[19.96806310746929]","[2.7761578518753263]","[5.0]","[20.0]","[false]","[2164.0]","[312576735]","[-147.6821505376342]","[true]","[54.0]","[42582.272799998165]","[false]","[8.0]","[35.0]","[159.0]","[8396.0]","[40.0]","[33.982951439533956]","[true]","[5.0]","[-376.0]","[10.0]","[105.0]"
100,376,57.051636041307994,0.4748704266328125,2.0053383761005046,5.469020917839164,20.0,22.926594919353906,102.89042553191484,151.0,1,"[0.4748704266328125]","[25.28]","[57.051636041307994]","[5.469020917839164]","[2.0053383761005046]","[5.0]","[20.0]","[false]","[1281.0]","[-1541826627]","[102.89042553191484]","[true]","[53.0]","[42820.1527999982]","[false]","[8.0]","[35.0]","[151.0]","[8396.0]","[40.0]","[22.926594919353906]","[true]","[5.0]","[-384.0]","[10.0]","[11.0]"
100,376,28.661016655632473,0.5706889613452809,3.223655715597795,14.519093397741313,45.02242670722731,26.014953199303385,148.02558094994905,238.5,2,"[0.5706889613452809,0.5706889613452809]","[23.65,33.82]","[28.661016655632473,28.661016655632473]","[14.519093397741313,14.519093397741313]","[3.223655715597795,3.223655715597795]","[5.0,5.0]","[45.02242670722731,45.02242670722731]","[false,false]","[2173.0,1850.0]","[1834202134,527127099]","[-123.58224719101105,419.63340909090914]","[true,true]","[57.0,48.0]","[42629.598399998285,44502.59039999796]","[false,false]","[8.0,8.0]","[35.0,35.0]","[141.0,336.0]","[8396.0,8396.0]","[40.0,40.0]","[26.014953199303385,26.014953199303385]","[true,true]","[5.0,5.0]","[-394.0,-199.0]","[10.0,10.0]","[126.0,198.0]"
100,376,77.5452462792751,0.21254694596184098,2.422862779417537,6.481417861473427,64.62616961320221,20.223793983202487,-649.4570114942528,175.0,1,"[0.21254694596184098]","[27.83]","[77.5452462792751]","[6.481417861473427]","[2.422862779417537]","[5.0]","[64.62616961320221]","[false]","[1695.0]","[-893504580]","[-649.4570114942528]","[true]","[50.0]","[43157.69199999821]","[false]","[8.0]","[35.0]","[175.0]","[8396.0]","[40.0]","[20.223793983202487]","[true]","[5.0]","[-360.0]","[10.0]","[92.0]"
100,376,20.0,0.8,1.485333566412341,29.827882713597802,20.0,36.70130642356486,-71.40527472527486,158.0,1,"[0.8]","[25.66]","[20.0]","[29.827882713597802]","[1.485333566412341]","[5.0]","[20.0]","[false]","[2065.0]","[-947867366]","[-71.40527472527486]","[true]","[51.0]","[42910.547199998255]","[false]","[8.0]","[35.0]","[158.0]","[8396.0]","[40.0]","[36.70130642356486]","[true]","[5.0]","[-377.0]","[10.0]","[105.0]"
100,376,20.0,0.45197382481027615,1.0,19.968063107469295,43.599775289397805,33.322596644215096,-860.1105376344085,194.0,1,"[0.45197382481027615]","[29.17]","[20.0]","[19.968063107469295]","[1.0]","[5.0]","[43.599775289397805]","[false]","[1525.0]","[-1288502336]","[-860.1105376344085]","[true]","[47.0]","[42568.25039999793]","[false]","[8.0]","[35.0]","[194.0]","[8396.0]","[40.0]","[33.322596644215096]","[true]","[5.0]","[-341.0]","[10.0]","[58.0]"
100,376,20.0,0.5155728700348912,2.2077050714932294,5.0,20.0,65.95760696969313,-379.1168539325844,165.0,1,"[0.5155728700348912]","[26.22]","[20.0]","[5.0]","[2.2077050714932294]","[5.0]","[20.0]","[false]","[1165.0]","[-508458601]","[-379.1168539325844]","[true]","[53.0]","[43552.82319999825]","[false]","[8.0]","[35.0]","[165.0]","[8396.0]","[40.0]","[65.95760696969313]","[true]","[5.0]","[-370.0]","[10.0]","[21.0]"
100,376,40.77661390885683,0.7333761994882015,2.8012733333781927,19.96806310746929,42.22992757375988,33.322596644215096,-400.1420454545454,166.0,1,"[0.7333761994882015]","[24.279999999999998]","[40.77661390885683]","[19.96806310746929]","[2.8012733333781927]","[5.0]","[42.22992757375988]","[false]","[2283.0]","[1544937498]","[-400.1420454545454]","[true]","[50.0]","[42237.972799998235]","[false]","[8.0]","[35.0]","[166.0]","[8396.0]","[40.0]","[33.322596644215096]","[true]","[5.0]","[-369.0]","[10.0]","[176.0]"
100,376,70.37478353397204,0.25307943869165905,2.5468312932347015,7.7471758954408285,37.7989439362702,47.27304151326899,-888.0945054945054,220.0,1,"[0.25307943869165905]","[29.049999999999997]","[70.37478353397204]","[7.7471758954408285]","[2.5468312932347015]","[5.0]","[37.7989439362702]","[false]","[1724.0]","[919005585]","[-888.0945054945054]","[true]","[39.0]","[43107.611999998175]","[false]","[8.0]","[35.0]","[220.0]","[8396.0]","[40.0]","[47.27304151326899]","[true]","[5.0]","[-315.0]","[10.0]","[45.0]"
100,376,29.829456933864122,0.8,3.256083243154973,18.16977456877613,20.0,34.10813939906511,-142.4325842696628,161.0,1,"[0.8]","[25.55]","[29.829456933864122]","[18.16977456877613]","[3.256083243154973]","[5.0]","[20.0]","[false]","[2589.0]","[-1492770843]","[-142.4325842696628]","[true]","[49.0]","[42408.24479999812]","[false]","[8.0]","[35.0]","[161.0]","[8396.0]","[40.0]","[34.10813939906511]","[true]","[5.0]","[-374.0]","[10.0]","[172.0]"
100,376,51.2065545878281,0.3284039236727936,5.0,5.0,24.57018072810763,80.0,-208.19775280898875,164.0,1,"[0.3284039236727936]","[27.169999999999998]","[51.2065545878281]","[5.0]","[5.0]","[5.0]","[24.57018072810763]","[false]","[1635.0]","[-1137490083]","[-208.19775280898875]","[true]","[54.0]","[42051.9255999981]","[false]","[8.0]","[35.0]","[164.0]","[8396.0]","[40.0]","[80.0]","[true]","[5.0]","[-371.0]","[10.0]","[67.0]"
100,376,41.964126522267776,0.46497028901947135,3.7302709589558236,5.427187539332967,23.215806718756447,40.23798623307994,-305.56625,167.0,1,"[0.46497028901947135]","[27.339999999999996]","[41.964126522267776]","[5.427187539332967]","[3.7302709589558236]","[5.0]","[23.215806718756447]","[false]","[1560.0]","[-1135309720]","[-305.56625]","[true]","[50.0]","[43000.69119999821]","[false]","[8.0]","[35.0]","[167.0]","[8396.0]","[40.0]","[40.23798623307994]","[true]","[5.0]","[-368.0]","[10.0]","[52.0]"
100,376,50.14493647838557,0.48457279711409146,1.036616924064046,29.449904059811278,40.34181995990657,72.46972391772219,-521.4250526315791,182.0,1,"[0.48457279711409146]","[26.5]","[50.14493647838557]","[29.449904059811278]","[1.036616924064046]","[5.0]","[40.34181995990657]","[false]","[1930.0]","[445562976]","[-521.4250526315791]","[true]","[46.0]","[42136.56079999807]","[false]","[8.0]","[35.0]","[182.0]","[8396.0]","[40.0]","[72.46972391772219]","[true]","[5.0]","[-353.0]","[10.0]","[139.0]"
100,376,77.98522877289822,0.6317561161463479,4.606536942070774,7.861080545642841,29.696034842987427,33.898123086312715,167.81068181818176,155.0,1,"[0.6317561161463479]","[25.82]","[77.98522877289822]","[7.861080545642841]","[4.606536942070774]","[5.0]","[29.696034842987427]","[false]","[1659.0]","[23285069]","[167.81068181818176]","[true]","[52.0]","[43161.948799998376]","[false]","[8.0]","[35.0]","[155.0]","[8396.0]","[40.0]","[33.898123086312715]","[true]","[5.0]","[-380.0]","[10.0]","[51.0]"
100,376,20.0,0.8,1.0,7.307045386549964,60.945385288041535,53.284351126880125,-843.1947826086957,223.0,1,"[0.8]","[29.25]","[20.0]","[7.307045386549964]","[1.0]","[5.0]","[60.945385288041535]","[false]","[1390.0]","[-1659372287]","[-843.1947826086957]","[true]","[51.0]","[43869.82959999811]","[false]","[8.0]","[35.0]","[223.0]","[8396.0]","[40.0]","[53.284351126880125]","[true]","[5.0]","[-312.0]","[10.0]","[174.0]"
100,376,72.73497466256845,0.3536132738613098,1.5741602569506803,16.951437086045136,35.58312862341452,46.29206313486131,-707.9858064516129,192.0,1,"[0.3536132738613098]","[27.62]","[72.73497466256845]","[16.951437086045136]","[1.5741602569506803]","[5.0]","[35.58312862341452]","[false]","[1641.0]","[-951607565]","[-707.9858064516129]","[true]","[43.0]","[42979.1567999983]","[false]","[8.0]","[35.0]","[192.0]","[8396.0]","[40.0]","[46.29206313486131]","[true]","[5.0]","[-343.0]","[10.0]","[68.0]"
100,376,70.37478353397204,0.35181256216025886,1.0,7.7471758954408285,37.7989439362702,20.0,-591.0424719101122,185.0,1,"[0.35181256216025886]","[28.17]","[70.37478353397204]","[7.7471758954408285]","[1.0]","[5.0]","[37.7989439362702]","[false]","[1066.0]","[-1398838601]","[-591.0424719101122]","[true]","[52.0]","[43579.61599999825]","[false]","[8.0]","[35.0]","[185.0]","[8396.0]","[40.0]","[20.0]","[true]","[5.0]","[-350.0]","[10.0]","[5.0]"
100,376,61.494739548478535,0.764736763868499,4.257395701242767,5.0,38.589050367505145,49.98598273325254,209.98822222222228,155.0,1,"[0.764736763868499]","[27.279999999999998]","[61.494739548478535]","[5.0]","[4.257395701242767]","[5.0]","[38.589050367505145]","[false]","[1522.0]","[-301132282]","[209.98822222222228]","[true]","[53.0]","[43061.7887999981]","[false]","[8.0]","[35.0]","[155.0]","[8396.0]","[40.0]","[49.98598273325254]","[true]","[5.0]","[-380.0]","[10.0]","[73.0]"
100,376,57.819987408525876,0.8,3.350714109636978,21.176239663189314,20.0,42.31974935728083,391.59777777777776,155.0,1,"[0.8]","[25.81]","[57.819987408525876]","[21.176239663189314]","[3.350714109636978]","[5.0]","[20.0]","[false]","[2136.0]","[-368390221]","[391.59777777777776]","[true]","[57.0]","[42557.98399999828]","[false]","[8.0]","[35.0]","[155.0]","[8396.0]","[40.0]","[42.31974935728083]","[true]","[5.0]","[-380.0]","[10.0]","[188.0]"
100,376,27.94038823936873,0.40852838115465806,1.5052628095654736,6.9238688433172335,45.101645325673246,51.31552821703208,82.72623655913975,162.0,1,"[0.40852838115465806]","[26.13]","[27.94038823936873]","[6.9238688433172335]","[1.5052628095654736]","[5.0]","[45.101645325673246]","[false]","[1212.0]","[1200305969]","[82.72623655913975]","[true]","[54.0]","[43992.77599999836]","[false]","[8.0]","[35.0]","[162.0]","[8396.0]","[40.0]","[51.31552821703208]","[true]","[5.0]","[-373.0]","[10.0]","[39.0]"
100,376,32.968973299085285,0.6569443592967354,1.6015765810537568,11.862956331334985,56.326877608340205,47.32506395457029,396.37494505494504,155.0,1,"[0.6569443592967354]","[24.82]","[32.968973299085285]","[11.862956331334985]","[1.6015765810537568]","[5.0]","[56.326877608340205]","[false]","[1792.0]","[602309226]","[396.37494505494504]","[true]","[58.0]","[42848.6983999982]","[false]","[8.0]","[35.0]","[155.0]","[8396.0]","[40.0]","[47.32506395457029]","[true]","[5.0]","[-380.0]","[10.0]","[83.0]"
100,376,72.73497466256845,0.8,1.5741602569506803,16.951437086045136,20.0,39.34123240771406,-271.69760869565215,175.0,1,"[0.8]","[27.57]","[72.73497466256845]","[16.951437086045136]","[1.5741602569506803]","[5.0]","[20.0]","[false]","[1585.0]","[2085018085]","[-271.69760869565215]","[true]","[51.0]","[42564.99519999825]","[false]","[8.0]","[35.0]","[175.0]","[8396.0]","[40.0]","[39.34123240771406]","[true]","[5.0]","[-360.0]","[10.0]","[54.0]"
100,376,58.42875287717309,0.5631665089719639,2.083830802274556,12.036660286565338,20.7248682048994,77.46608865172715,303.5044943820225,156.0,1,"[0.5631665089719639]","[25.330000000000002]","[58.42875287717309]","[12.036660286565338]","[2.083830802274556]","[5.0]","[20.7248682048994]","[false]","[1660.0]","[-1523924985]","[303.5044943820225]","[true]","[52.0]","[42915.05439999813]","[false]","[8.0]","[35.0]","[156.0]","[8396.0]","[40.0]","[77.46608865172715]","[true]","[5.0]","[-379.0]","[10.0]","[64.0]"
100,376,57.76147501254505,0.4545693721990154,3.0174228975246207,13.801688292883886,35.65228768237119,59.01061555896482,-45.368865979381326,165.0,1,"[0.4545693721990154]","[26.77]","[57.76147501254505]","[13.801688292883886]","[3.0174228975246207]","[5.0]","[35.65228768237119]","[false]","[2048.0]","[1778808106]","[-45.368865979381326]","[true]","[54.0]","[42954.116799998235]","[false]","[8.0]","[35.0]","[165.0]","[8396.0]","[40.0]","[59.01061555896482]","[true]","[5.0]","[-370.0]","[10.0]","[121.0]"
100,376,26.04685353608641,0.8,4.395928248322235,17.696456502798082,39.485943922176865,20.0,-713.705894736842,318.0,1,"[0.8]","[35.88]","[26.04685353608641]","[17.696456502798082]","[4.395928248322235]","[5.0]","[39.485943922176865]","[false]","[2100.0]","[-1875479021]","[-713.705894736842]","[true]","[49.0]","[43116.626399997745]","[false]","[8.0]","[35.0]","[318.0]","[8396.0]","[40.0]","[20.0]","[true]","[5.0]","[-217.0]","[10.0]","[198.0]"
100,376,77.5452462792751,0.4585296514385566,2.422862779417537,6.481417861473427,64.62616961320221,20.0,-212.24063829787235,175.0,1,"[0.4585296514385566]","[27.96]","[77.5452462792751]","[6.481417861473427]","[2.422862779417537]","[5.0]","[64.62616961320221]","[false]","[1668.0]","[720508374]","[-212.24063829787235]","[true]","[51.0]","[43104.10639999815]","[false]","[8.0]","[35.0]","[175.0]","[8396.0]","[40.0]","[20.0]","[true]","[5.0]","[-360.0]","[10.0]","[81.0]"
100,376,23.13260616139985,0.5687877175348682,2.88692141823722,18.46963781314578,20.0,20.484853045699467,402.2730434782608,156.0,1,"[0.5687877175348682]","[26.36]","[23.13260616139985]","[18.46963781314578]","[2.88692141823722]","[5.0]","[20.0]","[false]","[2100.0]","[-2121276218]","[402.2730434782608]","[true]","[53.0]","[43344.74079999826]","[false]","[8.0]","[35.0]","[156.0]","[8396.0]","[40.0]","[20.484853045699467]","[true]","[5.0]","[-379.0]","[10.0]","[95.0]"
100,376,54.03126858875002,0.4673890997173045,2.4685583742090893,12.480305314524182,37.4406172716835,77.01498537820987,-1.7791578947368976,165.0,1,"[0.4673890997173045]","[26.009999999999998]","[54.03126858875002]","[12.480305314524182]","[2.4685583742090893]","[5.0]","[37.4406172716835]","[false]","[1675.0]","[187156102]","[-1.7791578947368976]","[true]","[52.0]","[43007.70239999834]","[false]","[8.0]","[35.0]","[165.0]","[8396.0]","[40.0]","[77.01498537820987]","[true]","[5.0]","[-370.0]","[10.0]","[99.0]"
100,376,57.324319562759996,0.46051510042740773,2.0150537525045777,21.879900028986494,35.198143056108286,77.76616744813765,1.8371739130433298,166.0,1,"[0.46051510042740773]","[26.33]","[57.324319562759996]","[21.879900028986494]","[2.0150537525045777]","[5.0]","[35.198143056108286]","[false]","[2334.0]","[814110084]","[1.8371739130433298]","[true]","[53.0]","[42348.39919999819]","[false]","[8.0]","[35.0]","[166.0]","[8396.0]","[40.0]","[77.76616744813765]","[true]","[5.0]","[-369.0]","[10.0]","[160.0]"
100,376,20.0,0.2,3.9036505939116086,18.53374773176732,33.51019209722172,25.990093308088834,-611.0182022471911,428.0,1,"[0.2]","[41.370000000000005]","[20.0]","[18.53374773176732]","[3.9036505939116086]","[5.0]","[33.51019209722172]","[false]","[1731.0]","[-693371907]","[-611.0182022471911]","[true]","[48.0]","[43890.61279999765]","[false]","[8.0]","[35.0]","[428.0]","[8396.0]","[40.0]","[25.990093308088834]","[true]","[5.0]","[-107.0]","[10.0]","[180.0]"
100,376,55.21221943927866,0.2,1.0,13.801688292883886,35.65228768237119,80.0,-443.6345054945055,197.0,1,"[0.2]","[27.439999999999998]","[55.21221943927866]","[13.801688292883886]","[1.0]","[5.0]","[35.65228768237119]","[false]","[981.0]","[-1946822539]","[-443.6345054945055]","[true]","[49.0]","[41985.319199998004]","[false]","[8.0]","[35.0]","[197.0]","[8396.0]","[40.0]","[80.0]","[true]","[5.0]","[-338.0]","[10.0]","[18.0]"
100,376,48.585132837034976,0.8,2.083830802274556,6.541028187600563,20.7248682048994,77.46608865172715,236.15310344827574,162.0,1,"[0.8]","[28.17]","[48.585132837034976]","[6.541028187600563]","[2.083830802274556]","[5.0]","[20.7248682048994]","[false]","[1484.0]","[-648637200]","[236.15310344827574]","[true]","[53.0]","[43877.34159999823]","[false]","[8.0]","[35.0]","[162.0]","[8396.0]","[40.0]","[77.46608865172715]","[true]","[5.0]","[-373.0]","[10.0]","[53.0]"
100,376,20.0,0.4299933776310436,1.7453058075593724,30.0,32.62387959594378,36.70130642356486,-22.34752688172057,172.0,1,"[0.4299933776310436]","[26.36]","[20.0]","[30.0]","[1.7453058075593724]","[5.0]","[32.62387959594378]","[false]","[2196.0]","[-632920873]","[-22.34752688172057]","[true]","[47.0]","[43937.68799999836]","[false]","[8.0]","[35.0]","[172.0]","[8396.0]","[40.0]","[36.70130642356486]","[true]","[5.0]","[-363.0]","[10.0]","[147.0]"
100,376,26.755027055535262,0.43876230864090254,2.1238983390714754,10.130256818031793,33.591003739226515,79.9416841236116,420.7415555555557,160.0,1,"[0.43876230864090254]","[25.52]","[26.755027055535262]","[10.130256818031793]","[2.1238983390714754]","[5.0]","[33.591003739226515]","[false]","[1533.0]","[-167111225]","[420.7415555555557]","[true]","[56.0]","[43334.97519999835]","[false]","[8.0]","[35.0]","[160.0]","[8396.0]","[40.0]","[79.9416841236116]","[true]","[5.0]","[-375.0]","[10.0]","[69.0]"
100,376,78.1317608948824,0.48360872773959557,1.7453058075593724,27.475178196622934,32.62387959594378,33.05312150428476,213.32153846153844,163.0,1,"[0.48360872773959557]","[26.44]","[78.1317608948824]","[27.475178196622934]","[1.7453058075593724]","[5.0]","[32.62387959594378]","[false]","[1996.0]","[-1419065485]","[213.32153846153844]","[true]","[50.0]","[43566.595199998264]","[false]","[8.0]","[35.0]","[163.0]","[8396.0]","[40.0]","[33.05312150428476]","[true]","[5.0]","[-372.0]","[10.0]","[128.0]"
100,376,68.82758844515874,0.21367889826085965,5.0,5.627950230492377,48.37980609783284,51.315528217032075,-145.54499999999996,183.0,1,"[0.21367889826085965]","[27.889999999999997]","[68.82758844515874]","[5.627950230492377]","[5.0]","[5.0]","[48.37980609783284]","[false]","[1806.0]","[1249208648]","[-145.54499999999996]","[true]","[49.0]","[43892.86639999822]","[false]","[8.0]","[35.0]","[183.0]","[8396.0]","[40.0]","[51.315528217032075]","[true]","[5.0]","[-352.0]","[10.0]","[76.0]"
100,376,69.02749463575128,0.4699820282404992,1.0,11.862956331334987,20.0,80.0,-414.81098901098903,205.0,1,"[0.4699820282404992]","[28.1]","[69.02749463575128]","[11.862956331334987]","[1.0]","[5.0]","[20.0]","[false]","[934.0]","[-2131003031]","[-414.81098901098903]","[true]","[43.0]","[43850.298399998195]","[false]","[8.0]","[35.0]","[205.0]","[8396.0]","[40.0]","[80.0]","[true]","[5.0]","[-330.0]","[10.0]","[18.0]"
100,376,42.68686339490337,0.5944543346277628,4.203779789690987,12.108765793683403,20.48354695651887,77.17428522875053,382.47912087912084,163.0,1,"[0.5944543346277628]","[27.060000000000002]","[42.68686339490337]","[12.108765793683403]","[4.203779789690987]","[5.0]","[20.48354695651887]","[false]","[2239.0]","[260669501]","[382.47912087912084]","[true]","[49.0]","[43745.130399998365]","[false]","[8.0]","[35.0]","[163.0]","[8396.0]","[40.0]","[77.17428522875053]","[true]","[5.0]","[-372.0]","[10.0]","[156.0]"
100,376,20.0,0.419700488235035,5.0,21.37009067362324,22.361314841353135,31.959192143378132,-486.7149999999999,900.0,1,"[0.419700488235035]","[55.120000000000005]","[20.0]","[21.37009067362324]","[5.0]","[5.0]","[22.361314841353135]","[false]","[1613.0]","[-1621723700]","[-486.7149999999999]","[true]","[51.0]","[47961.61599999684]","[false]","[8.0]","[35.0]","[900.0]","[8396.0]","[40.0]","[31.959192143378132]","[true]","[5.0]","[365.0]","[10.0]","[216.0]"
100,376,26.755027055535262,0.5725896131081794,2.1238983390714754,10.130256818031793,33.591003739226515,79.9416841236116,-180.24717391304353,194.0,1,"[0.5725896131081794]","[28.79]","[26.755027055535262]","[10.130256818031793]","[2.1238983390714754]","[5.0]","[33.591003739226515]","[false]","[1587.0]","[186180799]","[-180.24717391304353]","[true]","[51.0]","[43264.11199999816]","[false]","[8.0]","[35.0]","[194.0]","[8396.0]","[40.0]","[79.9416841236116]","[true]","[5.0]","[-341.0]","[10.0]","[81.0]"
100,376,20.0,0.8,2.8001577922683323,9.55849126031514,61.830771520196315,21.440819194090142,-232.53438202247185,201.0,1,"[0.8]","[28.01]","[20.0]","[9.55849126031514]","[2.8001577922683323]","[5.0]","[61.830771520196315]","[false]","[2054.0]","[-896440599]","[-232.53438202247185]","[true]","[45.0]","[42974.39919999813]","[false]","[8.0]","[35.0]","[201.0]","[8396.0]","[40.0]","[21.440819194090142]","[true]","[5.0]","[-334.0]","[10.0]","[150.0]"
100,376,20.0,0.38876552202876413,3.2802259671632665,21.445820162793375,20.0,20.0,-59.77290322580632,183.0,1,"[0.38876552202876413]","[28.33]","[20.0]","[21.445820162793375]","[3.2802259671632665]","[5.0]","[20.0]","[false]","[2427.0]","[-1080929674]","[-59.77290322580632]","[true]","[49.0]","[43177.22319999827]","[false]","[8.0]","[35.0]","[183.0]","[8396.0]","[40.0]","[20.0]","[true]","[5.0]","[-352.0]","[10.0]","[162.0]"
100,376,26.04685353608641,0.6717249875843125,3.600349795947153,17.696456502798082,39.485943922176865,28.779451718753094,-351.05795454545455,260.0,1,"[0.6717249875843125]","[31.929999999999996]","[26.04685353608641]","[17.696456502798082]","[3.600349795947153]","[5.0]","[39.485943922176865]","[false]","[2408.0]","[-1180118884]","[-351.05795454545455]","[true]","[46.0]","[43141.66639999797]","[false]","[8.0]","[35.0]","[260.0]","[8396.0]","[40.0]","[28.779451718753094]","[true]","[5.0]","[-275.0]","[10.0]","[190.0]"
100,376,23.13260616139985,0.5008691474004972,2.88692141823722,19.79598824259792,43.027585959930235,20.484853045699467,-386.6508163265306,516.0,1,"[0.5008691474004972]","[42.39]","[23.13260616139985]","[19.79598824259792]","[2.88692141823722]","[5.0]","[43.027585959930235]","[false]","[1772.0]","[-1182605338]","[-386.6508163265306]","[true]","[48.0]","[45363.71599999759]","[false]","[8.0]","[35.0]","[516.0]","[8396.0]","[40.0]","[20.484853045699467]","[true]","[5.0]","[-19.0]","[10.0]","[179.0]"
100,376,31.71143627900573,0.49179182120720133,4.623707655214872,8.090302474716376,29.696034842987427,30.990658695930804,346.81760869565227,166.0,1,"[0.49179182120720133]","[26.619999999999997]","[31.71143627900573]","[8.090302474716376]","[4.623707655214872]","[5.0]","[29.696034842987427]","[false]","[1916.0]","[-207437749]","[346.81760869565227]","[true]","[52.0]","[43759.40319999842]","[false]","[8.0]","[35.0]","[166.0]","[8396.0]","[40.0]","[30.990658695930804]","[true]","[5.0]","[-369.0]","[10.0]","[81.0]"
100,376,28.732779295441546,0.7761752736631964,1.986370702282704,11.862956331334985,58.653244650167416,57.10428447857985,-142.70107526881714,196.0,1,"[0.7761752736631964]","[29.220000000000002]","[28.732779295441546]","[11.862956331334985]","[1.986370702282704]","[5.0]","[58.653244650167416]","[false]","[2085.0]","[2063402090]","[-142.70107526881714]","[true]","[43.0]","[43620.931999998145]","[false]","[8.0]","[35.0]","[196.0]","[8396.0]","[40.0]","[57.10428447857985]","[true]","[5.0]","[-339.0]","[10.0]","[187.0]"
100,376,25.17425168133587,0.3816655483003908,1.0,19.96806310746929,54.44323082830537,20.0,217.56829787234022,169.0,1,"[0.3816655483003908]","[27.339999999999996]","[25.17425168133587]","[19.96806310746929]","[1.0]","[5.0]","[54.44323082830537]","[false]","[1800.0]","[475442854]","[217.56829787234022]","[true]","[49.0]","[42595.54399999824]","[false]","[8.0]","[35.0]","[169.0]","[8396.0]","[40.0]","[20.0]","[true]","[5.0]","[-366.0]","[10.0]","[137.0]"
100,376,20.0,0.8,3.2802259671632665,16.4369616575531,34.001500352361646,52.92753376209543,-128.49827956989265,198.0,1,"[0.8]","[28.499999999999996]","[20.0]","[16.4369616575531]","[3.2802259671632665]","[5.0]","[34.001500352361646]","[false]","[2411.0]","[942022788]","[-128.49827956989265]","[true]","[48.0]","[41857.86559999795]","[false]","[8.0]","[35.0]","[198.0]","[8396.0]","[40.0]","[52.92753376209543]","[true]","[5.0]","[-337.0]","[10.0]","[151.0]"
100,376,20.32716604402457,0.5037097995502098,5.0,5.152802113934417,21.91505478386706,70.71572857244772,50.14804347826089,183.0,1,"[0.5037097995502098]","[29.09]","[20.32716604402457]","[5.152802113934417]","[5.0]","[5.0]","[21.91505478386706]","[false]","[1475.0]","[1732124020]","[50.14804347826089]","[true]","[51.0]","[42584.025599998095]","[false]","[8.0]","[35.0]","[183.0]","[8396.0]","[40.0]","[70.71572857244772]","[true]","[5.0]","[-352.0]","[10.0]","[60.0]"
100,376,39.228361727806764,0.7020541664643163,2.9021908004679178,13.923166743566773,52.211857798037414,61.5077089442386,400.8463736263736,169.0,1,"[0.7020541664643163]","[26.25]","[39.228361727806764]","[13.923166743566773]","[2.9021908004679178]","[5.0]","[52.211857798037414]","[false]","[2094.0]","[1106636196]","[400.8463736263736]","[true]","[51.0]","[41966.78959999829]","[false]","[8.0]","[35.0]","[169.0]","[8396.0]","[40.0]","[61.5077089442386]","[true]","[5.0]","[-366.0]","[10.0]","[201.0]"
100,376,20.484441259969376,0.48162929016590805,2.3412220184566377,8.146554350087412,27.92605037156403,28.715578624710037,-131.94153846153847,207.0,1,"[0.48162929016590805]","[28.96]","[20.484441259969376]","[8.146554350087412]","[2.3412220184566377]","[5.0]","[27.92605037156403]","[false]","[1359.0]","[-1551098345]","[-131.94153846153847]","[true]","[48.0]","[43899.62719999826]","[false]","[8.0]","[35.0]","[207.0]","[8396.0]","[40.0]","[28.715578624710037]","[true]","[5.0]","[-328.0]","[10.0]","[30.0]"
100,376,45.00258284251949,0.5668296102926071,5.0,5.0,41.78515963651135,20.0,-10.550561797752948,190.0,1,"[0.5668296102926071]","[27.68]","[45.00258284251949]","[5.0]","[5.0]","[5.0]","[41.78515963651135]","[false]","[1719.0]","[1817344845]","[-10.550561797752948]","[true]","[50.0]","[43410.34559999795]","[false]","[8.0]","[35.0]","[190.0]","[8396.0]","[40.0]","[20.0]","[true]","[5.0]","[-345.0]","[10.0]","[59.0]"
100,376,78.17252480343305,0.7254025765029086,5.0,11.612502850015577,20.0,20.0,356.0208510638297,174.0,1,"[0.7254025765029086]","[27.279999999999998]","[78.17252480343305]","[11.612502850015577]","[5.0]","[5.0]","[20.0]","[false]","[1650.0]","[1026063265]","[356.0208510638297]","[true]","[49.0]","[43261.357599998395]","[false]","[8.0]","[35.0]","[174.0]","[8396.0]","[40.0]","[20.0]","[true]","[5.0]","[-361.0]","[10.0]","[76.0]"
100,376,40.38006614619278,0.3762172084322376,4.335837467641257,9.085478832609297,36.08301009219934,62.965862415297245,-41.55574468085098,195.0,1,"[0.3762172084322376]","[28.89]","[40.38006614619278]","[9.085478832609297]","[4.335837467641257]","[5.0]","[36.08301009219934]","[false]","[1973.0]","[-52821942]","[-41.55574468085098]","[true]","[52.0]","[43412.34879999812]","[false]","[8.0]","[35.0]","[195.0]","[8396.0]","[40.0]","[62.965862415297245]","[true]","[5.0]","[-340.0]","[10.0]","[131.0]"
100,376,53.03586701855233,0.274217817761406,1.5148347482136346,14.59515790213324,36.65269244441714,37.61695764392896,423.12215053763435,169.0,1,"[0.274217817761406]","[25.979999999999997]","[53.03586701855233]","[14.59515790213324]","[1.5148347482136346]","[5.0]","[36.65269244441714]","[false]","[1667.0]","[529100180]","[423.12215053763435]","[true]","[50.0]","[43070.051999998235]","[false]","[8.0]","[35.0]","[169.0]","[8396.0]","[40.0]","[37.61695764392896]","[true]","[5.0]","[-366.0]","[10.0]","[46.0]"
100,376,44.51071145553441,0.25600660733332153,4.335837467641256,5.914432283535205,36.08301009219934,62.965862415297245,432.42688888888915,169.0,1,"[0.25600660733332153]","[27.92]","[44.51071145553441]","[5.914432283535205]","[4.335837467641256]","[5.0]","[36.08301009219934]","[false]","[1581.0]","[-1905812487]","[432.42688888888915]","[true]","[50.0]","[44626.03759999851]","[false]","[8.0]","[35.0]","[169.0]","[8396.0]","[40.0]","[62.965862415297245]","[true]","[5.0]","[-366.0]","[10.0]","[57.0]"
100,376,51.26995182149285,0.4385369820484299,5.0,7.697455735183063,27.354095743506832,30.033514203148865,-91.61139784946238,213.0,1,"[0.4385369820484299]","[30.84]","[51.26995182149285]","[7.697455735183063]","[5.0]","[5.0]","[27.354095743506832]","[false]","[1665.0]","[1354206402]","[-91.61139784946238]","[true]","[45.0]","[42354.408799997895]","[false]","[8.0]","[35.0]","[213.0]","[8396.0]","[40.0]","[30.033514203148865]","[true]","[5.0]","[-322.0]","[10.0]","[81.0]"
100,376,39.74477049927083,0.7687625587126883,4.335837467641256,8.51501335052855,31.136567053027374,62.965862415297245,348.6953191489361,176.0,1,"[0.7687625587126883]","[27.389999999999997]","[39.74477049927083]","[8.51501335052855]","[4.335837467641256]","[5.0]","[31.136567053027374]","[false]","[2035.0]","[1729172153]","[348.6953191489361]","[true]","[50.0]","[42709.22559999828]","[false]","[8.0]","[35.0]","[176.0]","[8396.0]","[40.0]","[62.965862415297245]","[true]","[5.0]","[-359.0]","[10.0]","[113.0]"
100,376,74.51746752261472,0.7721196389563638,5.0,5.0,20.0,56.97809418048243,155.84105263157898,188.0,1,"[0.7721196389563638]","[27.74]","[74.51746752261472]","[5.0]","[5.0]","[5.0]","[20.0]","[false]","[1310.0]","[-296835672]","[155.84105263157898]","[true]","[51.0]","[42109.26719999821]","[false]","[8.0]","[35.0]","[188.0]","[8396.0]","[40.0]","[56.97809418048243]","[true]","[5.0]","[-347.0]","[10.0]","[57.0]"
100,376,61.28871040127086,0.8,1.6523958032640529,19.565149914979443,20.0,56.56113993552128,381.38369565217397,182.0,1,"[0.8]","[26.919999999999998]","[61.28871040127086]","[19.565149914979443]","[1.6523958032640529]","[5.0]","[20.0]","[false]","[1684.0]","[-462091112]","[381.38369565217397]","[true]","[48.0]","[41635.760799998]","[false]","[8.0]","[35.0]","[182.0]","[8396.0]","[40.0]","[56.56113993552128]","[true]","[5.0]","[-353.0]","[10.0]","[74.0]"
