evolution$generation,evolution$evaluated,tpsAuChamp,qPrésenceBrousse,fréquenceRéu,probaDenonce,probaDiscu,nbProTGMax,objective$om_stockMil,objective$om_charette,evolution$samples,qPrésenceBrousse,om_underTrees,tpsAuChamp,participants,fréquenceRéu,nombreBergers,probaDiscu,om_nbCoupe,probaDenonce,mySeed,om_delatMil,SPop,om_charette,om_stockMil,nbSurveillants,nbProTGMax,om_trees,coordinationRNA,engagésInitiaux,nbChampsVisités,om_delatArbres,SReprez,nbCoupeurs,om_caughtCutter
3920,3920,17.000684134154408,0.39155400362295567,3.846096922134378,87.56687514912123,35.3720051825793,12.085891158826445,-41774.231999998075,-42.0,18,"[0.39155400362295567,0.39155400362295567,0.39155400362295567,0.39155400362295567,0.39155400362295567,0.39155400362295567,0.39155400362295567,0.39155400362295567,0.39155400362295567,0.39155400362295567,0.39155400362295567,0.39155400362295567,0.39155400362295567,0.39155400362295567,0.39155400362295567,0.39155400362295567,0.39155400362295567,0.39155400362295567]","[25.0,28.1,25.040000000000003,29.79,27.83,24.4,24.01,27.589999999999996,28.17,29.220000000000002,24.4,26.14,28.32,28.32,26.02,25.619999999999997,27.089999999999996,27.200000000000003]","[17.000684134154408,17.000684134154408,17.000684134154408,17.000684134154408,17.000684134154408,17.000684134154408,17.000684134154408,17.000684134154408,17.000684134154408,17.000684134154408,17.000684134154408,17.000684134154408,17.000684134154408,17.000684134154408,17.000684134154408,17.000684134154408,17.000684134154408,17.000684134154408]","[10.0,10.0,10.0,10.0,10.0,10.0,10.0,10.0,10.0,10.0,10.0,10.0,10.0,10.0,10.0,10.0,10.0,10.0]","[3.846096922134378,3.846096922134378,3.846096922134378,3.846096922134378,3.846096922134378,3.846096922134378,3.846096922134378,3.846096922134378,3.846096922134378,3.846096922134378,3.846096922134378,3.846096922134378,3.846096922134378,3.846096922134378,3.846096922134378,3.846096922134378,3.846096922134378,3.846096922134378]","[5.0,5.0,5.0,5.0,5.0,5.0,5.0,5.0,5.0,5.0,5.0,5.0,5.0,5.0,5.0,5.0,5.0,5.0]","[35.3720051825793,35.3720051825793,35.3720051825793,35.3720051825793,35.3720051825793,35.3720051825793,35.3720051825793,35.3720051825793,35.3720051825793,35.3720051825793,35.3720051825793,35.3720051825793,35.3720051825793,35.3720051825793,35.3720051825793,35.3720051825793,35.3720051825793,35.3720051825793]","[1008.0,987.0,1013.0,1009.0,1016.0,926.0,1019.0,962.0,964.0,1150.0,1096.0,1082.0,963.0,957.0,1049.0,1168.0,1078.0,1091.0]","[87.56687514912123,87.56687514912123,87.56687514912123,87.56687514912123,87.56687514912123,87.56687514912123,87.56687514912123,87.56687514912123,87.56687514912123,87.56687514912123,87.56687514912123,87.56687514912123,87.56687514912123,87.56687514912123,87.56687514912123,87.56687514912123,87.56687514912123,87.56687514912123]","[1620223564,-501179278,1289952454,-124090522,-1113837126,608472754,546084274,-811810651,-1663711265,-1311437305,211943226,-1892350005,1874783737,1774323119,-1414590113,-44672712,1001728606,1162062732]","[-2421.0549999993236,-1714.0505999996094,-3406.6293999995323,-1608.38179999969,-2810.176599999497,-1392.286599999461,-2215.85219999931,-1470.2235999994446,-1828.2955999994883,-1072.9013999994713,-3321.1177999996507,-2169.966399999277,-2556.0831999994625,-1546.2825999996348,-2547.1313999992344,-2114.0645999995977,-2624.4423999995706,-2742.8815999995277]","[true,true,true,true,true,true,true,true,true,true,true,true,true,true,true,true,true,true]","[52.0,50.0,56.0,48.0,50.0,56.0,52.0,50.0,50.0,42.0,49.0,49.0,50.0,54.0,55.0,53.0,53.0,53.0]","[42787.60079999835,43542.556799998136,41774.231999998075,42856.210399998075,42560.73839999817,43380.54799999824,42527.435199998275,44021.321599998315,43350.49999999812,44349.095199998235,41864.876799998136,43653.48399999841,43134.404799998156,42946.85519999809,43033.7439999983,42176.37439999807,42494.38239999813,42999.93999999817]","[1.0,1.0,1.0,1.0,1.0,1.0,1.0,1.0,1.0,1.0,1.0,1.0,1.0,1.0,1.0,1.0,1.0,1.0]","[12.085891158826445,12.085891158826445,12.085891158826445,12.085891158826445,12.085891158826445,12.085891158826445,12.085891158826445,12.085891158826445,12.085891158826445,12.085891158826445,12.085891158826445,12.085891158826445,12.085891158826445,12.085891158826445,12.085891158826445,12.085891158826445,12.085891158826445,12.085891158826445]","[133.0,189.0,161.0,218.0,198.0,138.0,151.0,169.0,197.0,215.0,144.0,157.0,183.0,173.0,152.0,162.0,182.0,166.0]","[true,true,true,true,true,true,true,true,true,true,true,true,true,true,true,true,true,true]","[9.0,9.0,9.0,9.0,9.0,9.0,9.0,9.0,9.0,9.0,9.0,9.0,9.0,9.0,9.0,9.0,9.0,9.0]","[88.0,90.0,92.0,90.0,94.0,93.0,94.0,88.0,95.0,94.0,91.0,90.0,92.0,88.0,90.0,88.0,89.0,89.0]","[-402.0,-346.0,-374.0,-317.0,-337.0,-397.0,-384.0,-366.0,-338.0,-320.0,-391.0,-378.0,-352.0,-362.0,-383.0,-373.0,-353.0,-369.0]","[false,false,false,false,false,false,false,false,false,false,false,false,false,false,false,false,false,false]","[10.0,10.0,10.0,10.0,10.0,10.0,10.0,10.0,10.0,10.0,10.0,10.0,10.0,10.0,10.0,10.0,10.0,10.0]","[80.0,49.0,74.0,54.0,65.0,87.0,77.0,45.0,68.0,84.0,105.0,89.0,68.0,64.0,73.0,94.0,90.0,79.0]"
3920,3920,33.377236442249036,0.1640132181753593,2.444989016263216,46.67953459717826,21.670694022935262,48.06558216821813,-41221.0983999982,-47.0,9,"[0.1640132181753593,0.1640132181753593,0.1640132181753593,0.1640132181753593,0.1640132181753593,0.1640132181753593,0.1640132181753593,0.1640132181753593,0.1640132181753593]","[27.650000000000002,22.32,27.72,24.08,21.55,26.56,22.439999999999998,30.349999999999998,23.35]","[33.377236442249036,33.377236442249036,33.377236442249036,33.377236442249036,33.377236442249036,33.377236442249036,33.377236442249036,33.377236442249036,33.377236442249036]","[10.0,10.0,10.0,10.0,10.0,10.0,10.0,10.0,10.0]","[2.444989016263216,2.444989016263216,2.444989016263216,2.444989016263216,2.444989016263216,2.444989016263216,2.444989016263216,2.444989016263216,2.444989016263216]","[5.0,5.0,5.0,5.0,5.0,5.0,5.0,5.0,5.0]","[21.670694022935262,21.670694022935262,21.670694022935262,21.670694022935262,21.670694022935262,21.670694022935262,21.670694022935262,21.670694022935262,21.670694022935262]","[248.0,295.0,292.0,221.0,226.0,217.0,292.0,317.0,239.0]","[46.67953459717826,46.67953459717826,46.67953459717826,46.67953459717826,46.67953459717826,46.67953459717826,46.67953459717826,46.67953459717826,46.67953459717826]","[5391603,468599923,1444760203,924251360,-1701583724,-314998655,1778884475,-1384447078,645748860]","[-2635.1469999996625,-2250.9707999995444,-2547.8825999994733,-2560.8407999993433,-4118.579199999433,-1251.8747999993357,-3444.0015999995667,-2045.8305999999284,-2847.2357999995147]","[true,true,true,true,true,true,true,true,true]","[55.0,61.0,52.0,56.0,59.0,47.0,55.0,50.0,56.0]","[42514.163999998054,42288.8039999982,42682.68319999834,42830.919999998274,41221.0983999982,43307.43119999839,41742.68159999809,43066.04559999783,42235.71919999815]","[1.0,1.0,1.0,1.0,1.0,1.0,1.0,1.0,1.0]","[48.06558216821813,48.06558216821813,48.06558216821813,48.06558216821813,48.06558216821813,48.06558216821813,48.06558216821813,48.06558216821813,48.06558216821813]","[160.0,106.0,173.0,138.0,122.0,159.0,111.0,199.0,116.0]","[true,true,true,true,true,true,true,true,true]","[9.0,9.0,9.0,9.0,9.0,9.0,9.0,9.0,9.0]","[92.0,90.0,91.0,89.0,88.0,96.0,91.0,94.0,96.0]","[-375.0,-429.0,-362.0,-397.0,-413.0,-376.0,-424.0,-336.0,-419.0]","[false,false,false,false,false,false,false,false,false]","[10.0,10.0,10.0,10.0,10.0,10.0,10.0,10.0,10.0]","[4.0,2.0,4.0,10.0,6.0,3.0,6.0,5.0,3.0]"
3920,3920,50.07191100878083,0.6625667344949601,6.37840687783364,46.33182807139628,81.43660610849896,50.0,-54830.0879999935,-40.0,1,"[0.6625667344949601]","[93.82000000000001]","[50.07191100878083]","[10.0]","[6.37840687783364]","[5.0]","[81.43660610849896]","[338.0]","[46.33182807139628]","[575397831]","[9409.092999995686]","[true]","[40.0]","[54830.0879999935]","[1.0]","[50.0]","[5141.0]","[true]","[9.0]","[92.0]","[4606.0]","[false]","[10.0]","[240.0]"
3920,3920,49.92619419087669,0.6690958838087897,6.402993865548444,46.324829740132145,92.29958626549139,46.18101839926679,-51718.11679999405,-17.0,11,"[0.6690958838087897,0.6690958838087897,0.6690958838087897,0.6690958838087897,0.6690958838087897,0.6690958838087897,0.6690958838087897,0.6690958838087897,0.6690958838087897,0.6690958838087897,0.6690958838087897]","[93.53,94.67,93.97999999999999,93.02,93.47999999999999,92.82000000000001,93.21000000000001,92.93,94.3,92.86999999999999,93.83]","[49.92619419087669,49.92619419087669,49.92619419087669,49.92619419087669,49.92619419087669,49.92619419087669,49.92619419087669,49.92619419087669,49.92619419087669,49.92619419087669,49.92619419087669]","[10.0,10.0,10.0,10.0,10.0,10.0,10.0,10.0,10.0,10.0,10.0]","[6.402993865548444,6.402993865548444,6.402993865548444,6.402993865548444,6.402993865548444,6.402993865548444,6.402993865548444,6.402993865548444,6.402993865548444,6.402993865548444,6.402993865548444]","[5.0,5.0,5.0,5.0,5.0,5.0,5.0,5.0,5.0,5.0,5.0]","[92.29958626549139,92.29958626549139,92.29958626549139,92.29958626549139,92.29958626549139,92.29958626549139,92.29958626549139,92.29958626549139,92.29958626549139,92.29958626549139,92.29958626549139]","[310.0,338.0,386.0,387.0,347.0,354.0,343.0,365.0,326.0,359.0,317.0]","[46.324829740132145,46.324829740132145,46.324829740132145,46.324829740132145,46.324829740132145,46.324829740132145,46.324829740132145,46.324829740132145,46.324829740132145,46.324829740132145,46.324829740132145]","[1138711919,-863319252,-1746160333,-180174206,-1840303338,-1567479449,324732872,-1628463419,897776112,-1816756997,-1210900373]","[7495.285799996222,6195.208999996343,6213.613399996313,6878.613199996325,8951.04879999606,8484.365799996202,7937.366999996084,7669.501599996234,8151.3963999960615,7982.56419999621,6872.353199996498]","[true,true,true,true,true,true,true,true,true,true,true]","[35.0,27.0,27.0,34.0,29.0,35.0,17.0,46.0,35.0,37.0,23.0]","[52831.395199993865,51915.18159999397,51718.11679999405,51739.90159999412,54246.655999993636,53132.87679999387,53051.7471999938,52776.30719999387,53826.484799993734,52886.983999993914,51912.17679999404]","[1.0,1.0,1.0,1.0,1.0,1.0,1.0,1.0,1.0,1.0,1.0]","[46.18101839926679,46.18101839926679,46.18101839926679,46.18101839926679,46.18101839926679,46.18101839926679,46.18101839926679,46.18101839926679,46.18101839926679,46.18101839926679,46.18101839926679]","[5452.0,5273.0,5407.0,5174.0,5368.0,5050.0,5267.0,5073.0,5278.0,5204.0,5378.0]","[true,true,true,true,true,true,true,true,true,true,true]","[9.0,9.0,9.0,9.0,9.0,9.0,9.0,9.0,9.0,9.0,9.0]","[94.0,94.0,90.0,87.0,93.0,91.0,92.0,92.0,92.0,91.0,90.0]","[4917.0,4738.0,4872.0,4639.0,4833.0,4515.0,4732.0,4538.0,4743.0,4669.0,4843.0]","[false,false,false,false,false,false,false,false,false,false,false]","[10.0,10.0,10.0,10.0,10.0,10.0,10.0,10.0,10.0,10.0,10.0]","[241.0,241.0,240.0,240.0,241.0,240.0,240.0,242.0,241.0,240.0,241.0]"
3920,3920,41.081216215856955,0.6250742572209076,3.796528320731057,53.79245533841973,86.09174646645671,5.0,-46349.540799996976,-53.0,1,"[0.6250742572209076]","[52.739999999999995]","[41.081216215856955]","[10.0]","[3.796528320731057]","[5.0]","[86.09174646645671]","[371.0]","[53.79245533841973]","[-2098564235]","[1221.1381999993391]","[true]","[53.0]","[46349.540799996976]","[1.0]","[5.0]","[724.0]","[true]","[9.0]","[91.0]","[189.0]","[false]","[10.0]","[227.0]"
3920,3920,72.79368207595259,0.6815031485497893,4.410106849087439,90.6653214592227,43.71043736113064,15.956403704702147,-46008.49599999765,-48.0,2,"[0.6815031485497893,0.6815031485497893]","[74.94,43.33]","[72.79368207595259,72.79368207595259]","[10.0,10.0]","[4.410106849087439,4.410106849087439]","[5.0,5.0]","[43.71043736113064,43.71043736113064]","[70.0,564.0]","[90.6653214592227,90.6653214592227]","[1318156669,1619459658]","[5783.363599997749,1372.692799999888]","[true,true]","[48.0,49.0]","[50120.31439999547,46008.49599999765]","[1.0,1.0]","[15.956403704702147,15.956403704702147]","[2038.0,530.0]","[true,true]","[9.0,9.0]","[97.0,89.0]","[1503.0,-5.0]","[false,false]","[10.0,10.0]","[249.0,195.0]"
3920,3920,20.12948235252002,0.7631233413792946,6.5920531095522295,0.0,55.04578061909136,12.541650103820754,-46507.04239999694,-38.0,12,"[0.7631233413792946,0.7631233413792946,0.7631233413792946,0.7631233413792946,0.7631233413792946,0.7631233413792946,0.7631233413792946,0.7631233413792946,0.7631233413792946,0.7631233413792946,0.7631233413792946,0.7631233413792946]","[54.50000000000001,58.46,55.98,55.58,55.489999999999995,56.830000000000005,57.84,53.72,56.69,53.72,58.660000000000004,58.46]","[20.12948235252002,20.12948235252002,20.12948235252002,20.12948235252002,20.12948235252002,20.12948235252002,20.12948235252002,20.12948235252002,20.12948235252002,20.12948235252002,20.12948235252002,20.12948235252002]","[10.0,10.0,10.0,10.0,10.0,10.0,10.0,10.0,10.0,10.0,10.0,10.0]","[6.5920531095522295,6.5920531095522295,6.5920531095522295,6.5920531095522295,6.5920531095522295,6.5920531095522295,6.5920531095522295,6.5920531095522295,6.5920531095522295,6.5920531095522295,6.5920531095522295,6.5920531095522295]","[5.0,5.0,5.0,5.0,5.0,5.0,5.0,5.0,5.0,5.0,5.0,5.0]","[55.04578061909136,55.04578061909136,55.04578061909136,55.04578061909136,55.04578061909136,55.04578061909136,55.04578061909136,55.04578061909136,55.04578061909136,55.04578061909136,55.04578061909136,55.04578061909136]","[1408.0,1313.0,1374.0,1387.0,1417.0,1277.0,1350.0,1407.0,1378.0,1346.0,1393.0,1379.0]","[0.0,0.0,0.0,0.0,0.0,0.0,0.0,0.0,0.0,0.0,0.0,0.0]","[1149857749,-1492484769,-912847602,2026356104,1528766149,-1603168736,-1605028880,943908184,-84383811,-987663856,-1526711451,-512814417]","[2708.201199999261,2852.1811999989513,3335.390599999184,1094.6235999994024,3220.269199998984,1128.7405999989423,3584.100399999028,2317.013799999251,1517.1109999992914,861.4385999992664,1226.3339999988893,3071.1559999989695]","[true,true,true,true,true,true,true,true,true,true,true,true]","[45.0,38.0,46.0,48.0,48.0,44.0,41.0,41.0,46.0,48.0,42.0,45.0]","[47903.5231999969,48454.90399999661,47862.20719999685,46507.04239999694,48175.95839999669,46705.108799996626,48848.53279999675,47310.57599999696,47068.18879999696,46688.83279999696,46953.00479999657,48548.80399999652]","[1.0,1.0,1.0,1.0,1.0,1.0,1.0,1.0,1.0,1.0,1.0,1.0]","[12.541650103820754,12.541650103820754,12.541650103820754,12.541650103820754,12.541650103820754,12.541650103820754,12.541650103820754,12.541650103820754,12.541650103820754,12.541650103820754,12.541650103820754,12.541650103820754]","[791.0,922.0,878.0,895.0,817.0,905.0,871.0,780.0,898.0,820.0,921.0,909.0]","[true,true,true,true,true,true,true,true,true,true,true,true]","[9.0,9.0,9.0,9.0,9.0,9.0,9.0,9.0,9.0,9.0,9.0,9.0]","[94.0,96.0,88.0,93.0,92.0,97.0,93.0,90.0,92.0,94.0,89.0,91.0]","[256.0,387.0,343.0,360.0,282.0,370.0,336.0,245.0,363.0,285.0,386.0,374.0]","[false,false,false,false,false,false,false,false,false,false,false,false]","[10.0,10.0,10.0,10.0,10.0,10.0,10.0,10.0,10.0,10.0,10.0,10.0]","[145.0,154.0,159.0,150.0,165.0,169.0,154.0,140.0,155.0,150.0,154.0,153.0]"
3920,3920,78.75842469682219,0.21638995635386274,6.051159923736395,57.959513133470494,41.02836892420146,19.837444078011774,-44543.906399997475,-50.0,2,"[0.21638995635386274,0.21638995635386274]","[46.89,46.47]","[78.75842469682219,78.75842469682219]","[10.0,10.0]","[6.051159923736395,6.051159923736395]","[5.0,5.0]","[41.02836892420146,41.02836892420146]","[980.0,1179.0]","[57.959513133470494,57.959513133470494]","[1035358678,-1201674986]","[1729.0745999998544,-160.88200000012876]","[true,true]","[51.0,50.0]","[46331.511999997376,44543.906399997475]","[1.0,1.0]","[19.837444078011774,19.837444078011774]","[639.0,663.0]","[true,true]","[9.0,9.0]","[90.0,95.0]","[104.0,128.0]","[false,false]","[10.0,10.0]","[150.0,167.0]"
3920,3920,29.799493946497478,0.5690352851547578,8.809899753025437,3.164240363035775,41.79505732624937,41.458060246434165,-48715.57039999631,-34.0,6,"[0.5690352851547578,0.5690352851547578,0.5690352851547578,0.5690352851547578,0.5690352851547578,0.5690352851547578]","[71.94,62.03999999999999,73.19,76.62,65.75,66.97999999999999]","[29.799493946497478,29.799493946497478,29.799493946497478,29.799493946497478,29.799493946497478,29.799493946497478]","[10.0,10.0,10.0,10.0,10.0,10.0]","[8.809899753025437,8.809899753025437,8.809899753025437,8.809899753025437,8.809899753025437,8.809899753025437]","[5.0,5.0,5.0,5.0,5.0,5.0]","[41.79505732624937,41.79505732624937,41.79505732624937,41.79505732624937,41.79505732624937,41.79505732624937]","[1456.0,1669.0,1449.0,1537.0,1456.0,1302.0]","[3.164240363035775,3.164240363035775,3.164240363035775,3.164240363035775,3.164240363035775,3.164240363035775]","[-1113206187,419923903,-1765338687,-243615936,2110652849,160648122]","[4007.5893999978725,4341.122199998506,4940.454599997764,5021.271199997354,4151.757199998305,4644.35659999826]","[true,true,true,true,true,true]","[39.0,50.0,38.0,34.0,46.0,50.0]","[49493.31279999546,48715.57039999631,50468.370399995394,50189.424799995104,48899.86479999592,49804.55999999587]","[1.0,1.0,1.0,1.0,1.0,1.0]","[41.458060246434165,41.458060246434165,41.458060246434165,41.458060246434165,41.458060246434165,41.458060246434165]","[1493.0,1090.0,1582.0,1889.0,1306.0,1269.0]","[true,true,true,true,true,true]","[9.0,9.0,9.0,9.0,9.0,9.0]","[88.0,95.0,87.0,92.0,91.0,96.0]","[958.0,555.0,1047.0,1354.0,771.0,734.0]","[false,false,false,false,false,false]","[10.0,10.0,10.0,10.0,10.0,10.0]","[161.0,166.0,191.0,184.0,171.0,170.0]"
3920,3920,8.069426388691504,0.2162631933775565,2.038954838290396,80.01826832891727,67.70623993442938,45.46271674231949,-45756.09279999739,-39.0,9,"[0.2162631933775565,0.2162631933775565,0.2162631933775565,0.2162631933775565,0.2162631933775565,0.2162631933775565,0.2162631933775565,0.2162631933775565,0.2162631933775565]","[49.919999999999995,48.44,44.64,53.580000000000005,54.33,47.589999999999996,49.919999999999995,47.699999999999996,48.51]","[8.069426388691504,8.069426388691504,8.069426388691504,8.069426388691504,8.069426388691504,8.069426388691504,8.069426388691504,8.069426388691504,8.069426388691504]","[10.0,10.0,10.0,10.0,10.0,10.0,10.0,10.0,10.0]","[2.038954838290396,2.038954838290396,2.038954838290396,2.038954838290396,2.038954838290396,2.038954838290396,2.038954838290396,2.038954838290396,2.038954838290396]","[5.0,5.0,5.0,5.0,5.0,5.0,5.0,5.0,5.0]","[67.70623993442938,67.70623993442938,67.70623993442938,67.70623993442938,67.70623993442938,67.70623993442938,67.70623993442938,67.70623993442938,67.70623993442938]","[1158.0,1199.0,1294.0,1020.0,993.0,1214.0,1177.0,1157.0,1177.0]","[80.01826832891727,80.01826832891727,80.01826832891727,80.01826832891727,80.01826832891727,80.01826832891727,80.01826832891727,80.01826832891727,80.01826832891727]","[-389070579,-663064136,-1771522070,981608174,1543178575,-403928466,821860333,-1046496475,-1373010998]","[2542.436399999395,1238.1653999997507,1926.6401999997615,2367.782399999487,2891.7443999991156,470.9397999997964,919.5313999996433,1430.9733999991731,1052.3059999994293]","[true,true,true,true,true,true,true,true,true]","[46.0,43.0,42.0,40.0,43.0,39.0,41.0,51.0,42.0]","[47812.87839999693,46784.735999997516,46214.82559999739,48105.345599997134,47944.58879999674,45756.09279999739,46320.494399997246,46417.89999999696,46210.318399997086]","[1.0,1.0,1.0,1.0,1.0,1.0,1.0,1.0,1.0]","[45.46271674231949,45.46271674231949,45.46271674231949,45.46271674231949,45.46271674231949,45.46271674231949,45.46271674231949,45.46271674231949,45.46271674231949]","[876.0,911.0,644.0,1100.0,995.0,800.0,873.0,717.0,857.0]","[true,true,true,true,true,true,true,true,true]","[9.0,9.0,9.0,9.0,9.0,9.0,9.0,9.0,9.0]","[91.0,96.0,89.0,91.0,90.0,92.0,87.0,90.0,89.0]","[341.0,376.0,109.0,565.0,460.0,265.0,338.0,182.0,322.0]","[false,false,false,false,false,false,false,false,false]","[10.0,10.0,10.0,10.0,10.0,10.0,10.0,10.0,10.0]","[210.0,211.0,193.0,237.0,218.0,202.0,238.0,199.0,204.0]"
3920,3920,49.44478189222297,0.2998290515585861,2.5468827504998277,47.866905079950776,26.311353331028798,34.010245688004886,-41645.02559999803,-46.0,10,"[0.2998290515585861,0.2998290515585861,0.2998290515585861,0.2998290515585861,0.2998290515585861,0.2998290515585861,0.2998290515585861,0.2998290515585861,0.2998290515585861,0.2998290515585861]","[22.0,26.090000000000003,20.669999999999998,23.02,25.97,27.35,26.479999999999997,23.06,28.139999999999997,28.58]","[49.44478189222297,49.44478189222297,49.44478189222297,49.44478189222297,49.44478189222297,49.44478189222297,49.44478189222297,49.44478189222297,49.44478189222297,49.44478189222297]","[10.0,10.0,10.0,10.0,10.0,10.0,10.0,10.0,10.0,10.0]","[2.5468827504998277,2.5468827504998277,2.5468827504998277,2.5468827504998277,2.5468827504998277,2.5468827504998277,2.5468827504998277,2.5468827504998277,2.5468827504998277,2.5468827504998277]","[5.0,5.0,5.0,5.0,5.0,5.0,5.0,5.0,5.0,5.0]","[26.311353331028798,26.311353331028798,26.311353331028798,26.311353331028798,26.311353331028798,26.311353331028798,26.311353331028798,26.311353331028798,26.311353331028798,26.311353331028798]","[310.0,377.0,393.0,292.0,347.0,259.0,401.0,363.0,349.0,343.0]","[47.866905079950776,47.866905079950776,47.866905079950776,47.866905079950776,47.866905079950776,47.866905079950776,47.866905079950776,47.866905079950776,47.866905079950776,47.866905079950776]","[1545476222,9130228,-793873248,626711090,983440090,-470264879,146233028,-695712751,-1130479054,-325758675]","[-3003.860999999357,-3198.1713999995845,-3117.0417999994243,-2683.411599999461,-2477.081999999551,-167.95579999927577,-2187.9325999996436,-2775.746599999162,-1969.8967999993256,-1151.1513999994713]","[true,true,true,true,true,true,true,true,true,true]","[59.0,56.0,51.0,53.0,51.0,51.0,53.0,59.0,48.0,46.0]","[42308.08479999818,41645.02559999803,42360.919199998236,42530.43999999826,42310.08799999818,44245.93039999845,43152.18319999817,42530.69039999841,43083.07279999826,43584.87439999823]","[1.0,1.0,1.0,1.0,1.0,1.0,1.0,1.0,1.0,1.0]","[34.010245688004886,34.010245688004886,34.010245688004886,34.010245688004886,34.010245688004886,34.010245688004886,34.010245688004886,34.010245688004886,34.010245688004886,34.010245688004886]","[97.0,157.0,91.0,135.0,156.0,175.0,143.0,108.0,188.0,201.0]","[true,true,true,true,true,true,true,true,true,true]","[9.0,9.0,9.0,9.0,9.0,9.0,9.0,9.0,9.0,9.0]","[92.0,91.0,89.0,96.0,94.0,90.0,90.0,90.0,93.0,94.0]","[-438.0,-378.0,-444.0,-400.0,-379.0,-360.0,-392.0,-427.0,-347.0,-334.0]","[false,false,false,false,false,false,false,false,false,false]","[10.0,10.0,10.0,10.0,10.0,10.0,10.0,10.0,10.0,10.0]","[8.0,9.0,11.0,12.0,7.0,9.0,13.0,10.0,7.0,10.0]"
3920,3920,30.2443620684129,0.30421203082532117,7.299209887396314,51.14805332686275,84.99762159274705,12.107433752696585,-48419.59759999592,-36.0,4,"[0.30421203082532117,0.30421203082532117,0.30421203082532117,0.30421203082532117]","[70.7,70.50999999999999,69.49,69.93]","[30.2443620684129,30.2443620684129,30.2443620684129,30.2443620684129]","[10.0,10.0,10.0,10.0]","[7.299209887396314,7.299209887396314,7.299209887396314,7.299209887396314]","[5.0,5.0,5.0,5.0]","[84.99762159274705,84.99762159274705,84.99762159274705,84.99762159274705]","[748.0,654.0,661.0,629.0]","[51.14805332686275,51.14805332686275,51.14805332686275,51.14805332686275]","[-1676335506,-1974374837,-1939039472,-1501310232]","[5039.23739999807,3346.0951999982135,3766.0159999982498,5591.244199997884]","[true,true,true,true]","[46.0,44.0,36.0,43.0]","[50181.16159999568,48419.59759999592,49210.61119999582,50732.54239999551]","[1.0,1.0,1.0,1.0]","[12.107433752696585,12.107433752696585,12.107433752696585,12.107433752696585]","[1415.0,1490.0,1546.0,1550.0]","[true,true,true,true]","[9.0,9.0,9.0,9.0]","[90.0,95.0,94.0,96.0]","[880.0,955.0,1011.0,1015.0]","[false,false,false,false]","[10.0,10.0,10.0,10.0]","[216.0,215.0,216.0,225.0]"
3920,3920,32.041339857934645,0.19668607600085342,7.1800468097733345,56.945974636587025,86.68190384432492,10.814276834171547,-47102.74399999645,-34.0,10,"[0.19668607600085342,0.19668607600085342,0.19668607600085342,0.19668607600085342,0.19668607600085342,0.19668607600085342,0.19668607600085342,0.19668607600085342,0.19668607600085342,0.19668607600085342]","[64.03999999999999,63.519999999999996,65.35,64.16,62.78,62.1,62.11,62.92,62.480000000000004,64.29]","[32.041339857934645,32.041339857934645,32.041339857934645,32.041339857934645,32.041339857934645,32.041339857934645,32.041339857934645,32.041339857934645,32.041339857934645,32.041339857934645]","[10.0,10.0,10.0,10.0,10.0,10.0,10.0,10.0,10.0,10.0]","[7.1800468097733345,7.1800468097733345,7.1800468097733345,7.1800468097733345,7.1800468097733345,7.1800468097733345,7.1800468097733345,7.1800468097733345,7.1800468097733345,7.1800468097733345]","[5.0,5.0,5.0,5.0,5.0,5.0,5.0,5.0,5.0,5.0]","[86.68190384432492,86.68190384432492,86.68190384432492,86.68190384432492,86.68190384432492,86.68190384432492,86.68190384432492,86.68190384432492,86.68190384432492,86.68190384432492]","[763.0,750.0,652.0,705.0,714.0,638.0,715.0,699.0,670.0,605.0]","[56.945974636587025,56.945974636587025,56.945974636587025,56.945974636587025,56.945974636587025,56.945974636587025,56.945974636587025,56.945974636587025,56.945974636587025,56.945974636587025]","[538186830,1806288553,-1620775772,-648372074,-1574275182,-2106323574,-332616368,-228075815,-1046629328,68083739]","[3940.419599998597,4823.016999998268,3337.143399998371,5813.724599998364,4409.230999998494,4188.691199998611,4424.630599998709,3122.30019999855,2300.9255999986563,4280.525399998602]","[true,true,true,true,true,true,true,true,true,true]","[45.0,35.0,41.0,44.0,41.0,42.0,44.0,42.0,43.0,34.0]","[48969.726399996434,50019.403199996064,48819.48639999606,49739.45599999604,50259.78719999617,49103.940799996286,49379.88159999634,48212.767199996284,47102.74399999645,48193.736799996346]","[1.0,1.0,1.0,1.0,1.0,1.0,1.0,1.0,1.0,1.0]","[10.814276834171547,10.814276834171547,10.814276834171547,10.814276834171547,10.814276834171547,10.814276834171547,10.814276834171547,10.814276834171547,10.814276834171547,10.814276834171547]","[1144.0,1138.0,1306.0,1193.0,1162.0,1256.0,1190.0,1192.0,1230.0,1251.0]","[true,true,true,true,true,true,true,true,true,true]","[9.0,9.0,9.0,9.0,9.0,9.0,9.0,9.0,9.0,9.0]","[88.0,90.0,91.0,91.0,89.0,92.0,96.0,91.0,89.0,92.0]","[609.0,603.0,771.0,658.0,627.0,721.0,655.0,657.0,695.0,716.0]","[false,false,false,false,false,false,false,false,false,false]","[10.0,10.0,10.0,10.0,10.0,10.0,10.0,10.0,10.0,10.0]","[211.0,217.0,214.0,214.0,229.0,233.0,220.0,215.0,236.0,214.0]"
3920,3920,31.95026680572952,0.15489311879908588,7.3002781328949045,42.46078797457429,91.19088002554524,14.66568588994164,-48590.370399996245,-43.0,3,"[0.15489311879908588,0.15489311879908588,0.15489311879908588]","[65.36,69.48,68.69]","[31.95026680572952,31.95026680572952,31.95026680572952]","[10.0,10.0,10.0]","[7.3002781328949045,7.3002781328949045,7.3002781328949045]","[5.0,5.0,5.0]","[91.19088002554524,91.19088002554524,91.19088002554524]","[952.0,765.0,751.0]","[42.46078797457429,42.46078797457429,42.46078797457429]","[-1116643737,231476182,1549439257]","[3382.0901999984926,4602.351999997976,5529.457999998107]","[true,true,true]","[48.0,43.0,46.0]","[48590.370399996245,50137.3415999956,50157.37359999582]","[1.0,1.0,1.0]","[14.66568588994164,14.66568588994164,14.66568588994164]","[1265.0,1519.0,1444.0]","[true,true,true]","[9.0,9.0,9.0]","[89.0,94.0,95.0]","[730.0,984.0,909.0]","[false,false,false]","[10.0,10.0,10.0]","[210.0,240.0,234.0]"
3920,3920,9.161567359819653,0.42507836495274853,3.7535863633208915,2.4336239848439813,51.336486791652625,5.0,-41340.2887999979,-50.0,7,"[0.42507836495274853,0.42507836495274853,0.42507836495274853,0.42507836495274853,0.42507836495274853,0.42507836495274853,0.42507836495274853]","[27.310000000000002,25.39,28.65,24.23,24.72,26.08,28.499999999999996]","[9.161567359819653,9.161567359819653,9.161567359819653,9.161567359819653,9.161567359819653,9.161567359819653,9.161567359819653]","[10.0,10.0,10.0,10.0,10.0,10.0,10.0]","[3.7535863633208915,3.7535863633208915,3.7535863633208915,3.7535863633208915,3.7535863633208915,3.7535863633208915,3.7535863633208915]","[5.0,5.0,5.0,5.0,5.0,5.0,5.0]","[51.336486791652625,51.336486791652625,51.336486791652625,51.336486791652625,51.336486791652625,51.336486791652625,51.336486791652625]","[1451.0,1559.0,1421.0,1557.0,1494.0,1589.0,1461.0]","[2.4336239848439813,2.4336239848439813,2.4336239848439813,2.4336239848439813,2.4336239848439813,2.4336239848439813,2.4336239848439813]","[613611324,320531803,1675180634,-1432917382,1384933794,-2062096971,1839936848]","[-3948.4949999996606,-1632.294999999409,-2855.686799999705,-1265.2085999993287,-1927.892199999471,-1679.432799999493,-1458.3921999993472]","[true,true,true,true,true,true,true]","[58.0,52.0,51.0,52.0,55.0,55.0,50.0]","[41340.2887999979,42814.39359999833,41837.082399997875,43233.06239999841,42906.29039999826,42797.61679999825,43634.95439999834]","[1.0,1.0,1.0,1.0,1.0,1.0,1.0]","[5.0,5.0,5.0,5.0,5.0,5.0,5.0]","[152.0,166.0,184.0,142.0,140.0,171.0,163.0]","[true,true,true,true,true,true,true]","[9.0,9.0,9.0,9.0,9.0,9.0,9.0]","[93.0,89.0,94.0,89.0,89.0,90.0,92.0]","[-383.0,-369.0,-351.0,-393.0,-395.0,-364.0,-372.0]","[false,false,false,false,false,false,false]","[10.0,10.0,10.0,10.0,10.0,10.0,10.0]","[111.0,103.0,113.0,82.0,87.0,93.0,107.0]"
3920,3920,41.68565361993193,0.1360023672630113,7.583124923527274,8.421025530237959,33.88991733852281,6.858551716668733,-42070.70559999796,-45.0,10,"[0.1360023672630113,0.1360023672630113,0.1360023672630113,0.1360023672630113,0.1360023672630113,0.1360023672630113,0.1360023672630113,0.1360023672630113,0.1360023672630113,0.1360023672630113]","[24.04,25.840000000000003,27.85,25.679999999999996,25.82,30.049999999999997,27.57,28.76,25.72,26.150000000000002]","[41.68565361993193,41.68565361993193,41.68565361993193,41.68565361993193,41.68565361993193,41.68565361993193,41.68565361993193,41.68565361993193,41.68565361993193,41.68565361993193]","[10.0,10.0,10.0,10.0,10.0,10.0,10.0,10.0,10.0,10.0]","[7.583124923527274,7.583124923527274,7.583124923527274,7.583124923527274,7.583124923527274,7.583124923527274,7.583124923527274,7.583124923527274,7.583124923527274,7.583124923527274]","[5.0,5.0,5.0,5.0,5.0,5.0,5.0,5.0,5.0,5.0]","[33.88991733852281,33.88991733852281,33.88991733852281,33.88991733852281,33.88991733852281,33.88991733852281,33.88991733852281,33.88991733852281,33.88991733852281,33.88991733852281]","[1382.0,1425.0,1418.0,1375.0,1461.0,1422.0,1433.0,1535.0,1481.0,1688.0]","[8.421025530237959,8.421025530237959,8.421025530237959,8.421025530237959,8.421025530237959,8.421025530237959,8.421025530237959,8.421025530237959,8.421025530237959,8.421025530237959]","[-1924420007,30473255,784557055,-58044716,-547294640,-1681685058,1451888183,76006612,1419036948,-326026284]","[-2237.636999999406,-1976.0941999994684,-2141.420799999578,-3289.379599999469,-2585.8181999995795,-1568.505599999502,-1314.2243999992352,-2802.1637999992527,-3526.132799999519,-2267.935399999231]","[true,true,true,true,true,true,true,true,true,true]","[58.0,50.0,50.0,51.0,55.0,47.0,48.0,45.0,52.0,51.0]","[42577.01439999824,43101.10159999819,43032.74239999818,42318.100799998145,42070.70559999796,43714.08079999813,43855.05599999837,43381.04879999824,42323.60959999827,43578.86479999841]","[1.0,1.0,1.0,1.0,1.0,1.0,1.0,1.0,1.0,1.0]","[6.858551716668733,6.858551716668733,6.858551716668733,6.858551716668733,6.858551716668733,6.858551716668733,6.858551716668733,6.858551716668733,6.858551716668733,6.858551716668733]","[127.0,183.0,173.0,158.0,156.0,212.0,183.0,219.0,169.0,159.0]","[true,true,true,true,true,true,true,true,true,true]","[9.0,9.0,9.0,9.0,9.0,9.0,9.0,9.0,9.0,9.0]","[93.0,90.0,92.0,88.0,93.0,92.0,91.0,92.0,93.0,89.0]","[-408.0,-352.0,-362.0,-377.0,-379.0,-323.0,-352.0,-316.0,-366.0,-376.0]","[false,false,false,false,false,false,false,false,false,false]","[10.0,10.0,10.0,10.0,10.0,10.0,10.0,10.0,10.0,10.0]","[107.0,96.0,105.0,122.0,93.0,117.0,111.0,117.0,110.0,89.0]"
3920,3920,68.14309108940517,0.5701770028544156,8.581900774359942,55.8400889153164,56.376035033099754,42.88421302696409,-53559.05759999379,-24.0,3,"[0.5701770028544156,0.5701770028544156,0.5701770028544156]","[91.58,91.53,92.99]","[68.14309108940517,68.14309108940517,68.14309108940517]","[10.0,10.0,10.0]","[8.581900774359942,8.581900774359942,8.581900774359942]","[5.0,5.0,5.0]","[56.376035033099754,56.376035033099754,56.376035033099754]","[204.0,218.0,209.0]","[55.8400889153164,55.8400889153164,55.8400889153164]","[-1831783919,-805340849,1678950726]","[8991.676199996109,8411.49939999613,9432.192399995954]","[true,true,true]","[35.0,32.0,24.0]","[54271.94639999371,53559.05759999379,53952.185599993594]","[1.0,1.0,1.0]","[42.88421302696409,42.88421302696409,42.88421302696409]","[4707.0,4959.0,5106.0]","[true,true,true]","[9.0,9.0,9.0]","[89.0,92.0,94.0]","[4172.0,4424.0,4571.0]","[false,false,false]","[10.0,10.0,10.0]","[245.0,246.0,248.0]"
3920,3920,84.67953801649067,0.0,6.913176275477967,42.159235590638744,43.61988378216587,5.0,-45167.65279999749,-57.0,1,"[0.0]","[40.78]","[84.67953801649067]","[10.0]","[6.913176275477967]","[5.0]","[43.61988378216587]","[414.0]","[42.159235590638744]","[1523114456]","[25.853799999837065]","[true]","[57.0]","[45167.65279999749]","[1.0]","[5.0]","[404.0]","[true]","[9.0]","[91.0]","[-131.0]","[false]","[10.0]","[222.0]"
3920,3920,25.286908340222713,0.6793101020780583,6.610873336515194,1.298452326924895,63.586747708333455,14.460366287912919,-48529.022399996684,-51.0,1,"[0.6793101020780583]","[57.699999999999996]","[25.286908340222713]","[10.0]","[6.610873336515194]","[5.0]","[63.586747708333455]","[1437.0]","[1.298452326924895]","[-513958816]","[4043.8973999990994]","[true]","[51.0]","[48529.022399996684]","[1.0]","[14.460366287912919]","[962.0]","[true]","[9.0]","[94.0]","[427.0]","[false]","[10.0]","[164.0]"
3920,3920,20.865438732876626,0.714858905511365,5.626275727127228,0.0,100.0,49.14653623370042,-48297.652799995914,-52.0,1,"[0.714858905511365]","[66.67999999999999]","[20.865438732876626]","[10.0]","[5.626275727127228]","[5.0]","[100.0]","[2085.0]","[0.0]","[-1005755462]","[3569.8901999980953]","[true]","[52.0]","[48297.652799995914]","[1.0]","[49.14653623370042]","[1193.0]","[true]","[9.0]","[90.0]","[658.0]","[false]","[10.0]","[205.0]"
3920,3920,57.14746889576416,0.0,3.8615742590107067,80.45855283388936,78.26015319222364,6.594827974097831,-45935.379199997355,-43.0,5,"[0.0,0.0,0.0,0.0,0.0]","[50.01,47.510000000000005,47.21,45.49,46.06]","[57.14746889576416,57.14746889576416,57.14746889576416,57.14746889576416,57.14746889576416]","[10.0,10.0,10.0,10.0,10.0]","[3.8615742590107067,3.8615742590107067,3.8615742590107067,3.8615742590107067,3.8615742590107067]","[5.0,5.0,5.0,5.0,5.0]","[78.26015319222364,78.26015319222364,78.26015319222364,78.26015319222364,78.26015319222364]","[350.0,369.0,378.0,355.0,394.0]","[80.45855283388936,80.45855283388936,80.45855283388936,80.45855283388936,80.45855283388936]","[-1339589118,-1516142069,131009017,-1050505282,-1560423103]","[2142.359799999569,1400.487199999523,943.131599999535,298.7271999997756,948.5777999995553]","[true,true,true,true,true]","[48.0,43.0,50.0,49.0,49.0]","[46837.06959999714,46425.6623999973,46100.89359999726,45935.379199997355,46004.48959999724]","[1.0,1.0,1.0,1.0,1.0]","[6.594827974097831,6.594827974097831,6.594827974097831,6.594827974097831,6.594827974097831]","[696.0,689.0,656.0,571.0,628.0]","[true,true,true,true,true]","[9.0,9.0,9.0,9.0,9.0]","[95.0,91.0,92.0,93.0,90.0]","[161.0,154.0,121.0,36.0,93.0]","[false,false,false,false,false]","[10.0,10.0,10.0,10.0,10.0]","[234.0,240.0,238.0,215.0,240.0]"
3920,3920,9.44508712431163,0.3761748785728395,6.6093342787643685,73.72049132716508,37.114879184040575,5.002126135657902,-43315.443999998424,-58.0,1,"[0.3761748785728395]","[24.36]","[9.44508712431163]","[10.0]","[6.6093342787643685]","[5.0]","[37.114879184040575]","[1471.0]","[73.72049132716508]","[-2056524428]","[-2259.0461999991094]","[true]","[58.0]","[43315.443999998424]","[1.0]","[5.002126135657902]","[141.0]","[true]","[9.0]","[92.0]","[-394.0]","[false]","[10.0]","[185.0]"
3920,3920,66.26664552414911,0.0,7.17139250593176,24.75209990392027,44.32132628518765,44.04816987841919,-48254.08319999664,-40.0,4,"[0.0,0.0,0.0,0.0]","[56.48,57.64,57.99999999999999,59.160000000000004]","[66.26664552414911,66.26664552414911,66.26664552414911,66.26664552414911]","[10.0,10.0,10.0,10.0]","[7.17139250593176,7.17139250593176,7.17139250593176,7.17139250593176]","[5.0,5.0,5.0,5.0]","[44.32132628518765,44.32132628518765,44.32132628518765,44.32132628518765]","[953.0,892.0,813.0,1151.0]","[24.75209990392027,24.75209990392027,24.75209990392027,24.75209990392027]","[546545369,-1797322444,2080840860,-873700673]","[4044.1477999988856,4313.703399998754,4346.818799998859,3582.723199999018]","[true,true,true,true]","[48.0,47.0,49.0,40.0]","[48378.03119999659,49702.897599996475,49007.28639999655,48254.08319999664]","[1.0,1.0,1.0,1.0]","[44.04816987841919,44.04816987841919,44.04816987841919,44.04816987841919]","[1334.0,1332.0,1489.0,1267.0]","[true,true,true,true]","[9.0,9.0,9.0,9.0]","[89.0,91.0,91.0,92.0]","[799.0,797.0,954.0,732.0]","[false,false,false,false]","[10.0,10.0,10.0,10.0]","[210.0,212.0,224.0,204.0]"
3920,3920,32.808033771086755,0.19534244663643588,7.222464319583874,57.02925685534,91.88934942587197,15.883940649521813,-48142.40479999574,-38.0,7,"[0.19534244663643588,0.19534244663643588,0.19534244663643588,0.19534244663643588,0.19534244663643588,0.19534244663643588,0.19534244663643588]","[71.67999999999999,72.67,72.04,73.85000000000001,72.89999999999999,73.71,71.09]","[32.808033771086755,32.808033771086755,32.808033771086755,32.808033771086755,32.808033771086755,32.808033771086755,32.808033771086755]","[10.0,10.0,10.0,10.0,10.0,10.0,10.0]","[7.222464319583874,7.222464319583874,7.222464319583874,7.222464319583874,7.222464319583874,7.222464319583874,7.222464319583874]","[5.0,5.0,5.0,5.0,5.0,5.0,5.0]","[91.88934942587197,91.88934942587197,91.88934942587197,91.88934942587197,91.88934942587197,91.88934942587197,91.88934942587197]","[779.0,709.0,717.0,563.0,768.0,675.0,764.0]","[57.02925685534,57.02925685534,57.02925685534,57.02925685534,57.02925685534,57.02925685534,57.02925685534]","[-394205379,226206138,865634475,-1550405195,1769647505,-1780046862,2072870964]","[4280.024599997945,5151.166199998021,4410.232599998075,2794.964799998015,4541.817799997865,3977.979599997743,3688.2667999978657]","[true,true,true,true,true,true,true]","[44.0,43.0,40.0,38.0,46.0,39.0,51.0]","[49593.973599995574,49411.68239999563,49871.416799995764,48142.40479999574,50183.66559999566,48839.51839999548,49191.58079999561]","[1.0,1.0,1.0,1.0,1.0,1.0,1.0]","[15.883940649521813,15.883940649521813,15.883940649521813,15.883940649521813,15.883940649521813,15.883940649521813,15.883940649521813]","[1586.0,1639.0,1768.0,1890.0,1618.0,1788.0,1590.0]","[true,true,true,true,true,true,true]","[9.0,9.0,9.0,9.0,9.0,9.0,9.0]","[87.0,94.0,88.0,93.0,89.0,97.0,92.0]","[1051.0,1104.0,1233.0,1355.0,1083.0,1253.0,1055.0]","[false,false,false,false,false,false,false]","[10.0,10.0,10.0,10.0,10.0,10.0,10.0]","[211.0,212.0,217.0,226.0,211.0,235.0,213.0]"
3920,3920,100.0,0.4827428059505612,8.424267440420039,69.14715976188674,64.5963389019175,41.84185159737197,-53147.65039999383,-34.0,4,"[0.4827428059505612,0.4827428059505612,0.4827428059505612,0.4827428059505612]","[93.96,92.67,93.26,92.78]","[100.0,100.0,100.0,100.0]","[10.0,10.0,10.0,10.0]","[8.424267440420039,8.424267440420039,8.424267440420039,8.424267440420039]","[5.0,5.0,5.0,5.0]","[64.5963389019175,64.5963389019175,64.5963389019175,64.5963389019175]","[67.0,100.0,84.0,124.0]","[69.14715976188674,69.14715976188674,69.14715976188674,69.14715976188674]","[339859850,127209762,-561180471,-1947303868]","[8695.578199995965,9119.63059999593,8141.4429999962595,9252.968599995911]","[true,true,true,true]","[42.0,34.0,43.0,34.0]","[53508.97759999373,54039.324799993636,53147.65039999383,54408.41439999365]","[1.0,1.0,1.0,1.0]","[41.84185159737197,41.84185159737197,41.84185159737197,41.84185159737197]","[5127.0,5193.0,5298.0,5275.0]","[true,true,true,true]","[9.0,9.0,9.0,9.0]","[93.0,93.0,91.0,91.0]","[4592.0,4658.0,4763.0,4740.0]","[false,false,false,false]","[10.0,10.0,10.0,10.0]","[250.0,248.0,249.0,249.0]"
3920,3920,0.0,0.4770545165519906,6.899311844309159,0.0,56.62789478645715,14.478750837101563,-43439.391999998224,-50.0,3,"[0.4770545165519906,0.4770545165519906,0.4770545165519906]","[24.79,27.87,28.249999999999996]","[0.0,0.0,0.0]","[10.0,10.0,10.0]","[6.899311844309159,6.899311844309159,6.899311844309159]","[5.0,5.0,5.0]","[56.62789478645715,56.62789478645715,56.62789478645715]","[660.0,631.0,581.0]","[0.0,0.0,0.0]","[701857065,-2055192097,1012666347]","[-1200.9183999995003,-1316.1023999992613,-2334.729599999373]","[true,true,true]","[57.0,50.0,50.0]","[43512.75919999827,44211.12479999832,43439.391999998224]","[1.0,1.0,1.0]","[14.478750837101563,14.478750837101563,14.478750837101563]","[150.0,198.0,225.0]","[true,true,true]","[9.0,9.0,9.0]","[94.0,87.0,91.0]","[-385.0,-337.0,-310.0]","[false,false,false]","[10.0,10.0,10.0]","[200.0,179.0,232.0]"
3920,3920,68.60330167984408,0.6673862668544509,7.991136542488429,72.83681244875633,72.02520030977301,43.69634309963656,-53658.215999993685,-34.0,2,"[0.6673862668544509,0.6673862668544509]","[94.95,94.33]","[68.60330167984408,68.60330167984408]","[10.0,10.0]","[7.991136542488429,7.991136542488429]","[5.0,5.0]","[72.02520030977301,72.02520030977301]","[147.0,109.0]","[72.83681244875633,72.83681244875633]","[1382080182,-207750158]","[9050.58279999582,9151.368799995995]","[true,true]","[35.0,34.0]","[54484.78639999346,53658.215999993685]","[1.0,1.0]","[43.69634309963656,43.69634309963656]","[5514.0,5355.0]","[true,true]","[9.0,9.0]","[92.0,92.0]","[4979.0,4820.0]","[false,false]","[10.0,10.0]","[247.0,247.0]"
3920,3920,96.62257371553324,0.6737945410101397,6.079675612850719,100.0,100.0,36.59320367087974,-52380.675199994155,-46.0,1,"[0.6737945410101397]","[92.14]","[96.62257371553324]","[10.0]","[6.079675612850719]","[5.0]","[100.0]","[19.0]","[100.0]","[-1132461277]","[7215.5263999964445]","[true]","[46.0]","[52380.675199994155]","[1.0]","[36.59320367087974]","[4961.0]","[true]","[9.0]","[92.0]","[4426.0]","[false]","[10.0]","[250.0]"
3920,3920,57.853314563914026,0.07867177274738002,1.6525017677764988,85.50512840761712,79.50594809319729,5.0,-45219.7359999975,-41.0,9,"[0.07867177274738002,0.07867177274738002,0.07867177274738002,0.07867177274738002,0.07867177274738002,0.07867177274738002,0.07867177274738002,0.07867177274738002,0.07867177274738002]","[47.56,51.09,48.84,46.97,44.55,47.27,47.199999999999996,48.9,47.099999999999994]","[57.853314563914026,57.853314563914026,57.853314563914026,57.853314563914026,57.853314563914026,57.853314563914026,57.853314563914026,57.853314563914026,57.853314563914026]","[10.0,10.0,10.0,10.0,10.0,10.0,10.0,10.0,10.0]","[1.6525017677764988,1.6525017677764988,1.6525017677764988,1.6525017677764988,1.6525017677764988,1.6525017677764988,1.6525017677764988,1.6525017677764988,1.6525017677764988]","[5.0,5.0,5.0,5.0,5.0,5.0,5.0,5.0,5.0]","[79.50594809319729,79.50594809319729,79.50594809319729,79.50594809319729,79.50594809319729,79.50594809319729,79.50594809319729,79.50594809319729,79.50594809319729]","[334.0,291.0,295.0,358.0,396.0,329.0,355.0,337.0,323.0]","[85.50512840761712,85.50512840761712,85.50512840761712,85.50512840761712,85.50512840761712,85.50512840761712,85.50512840761712,85.50512840761712,85.50512840761712]","[-304507885,1034008703,1915579961,1780573748,50060305,-272008430,-520926710,591882893,-852524453]","[1764.5687999996226,900.0627999993958,1836.558799999686,872.4561999997532,-106.73300000040035,-258.91360000018904,388.9337999995332,454.8515999997617,487.90439999954833]","[true,true,true,true,true,true,true,true,true]","[51.0,47.0,41.0,42.0,43.0,42.0,47.0,47.0,47.0]","[46521.31519999729,45973.439999997136,46616.21679999742,45355.95359999746,45284.83999999735,45219.7359999975,45342.93279999716,46501.03279999734,46369.071999997235]","[1.0,1.0,1.0,1.0,1.0,1.0,1.0,1.0,1.0]","[5.0,5.0,5.0,5.0,5.0,5.0,5.0,5.0,5.0]","[642.0,664.0,635.0,628.0,560.0,621.0,580.0,638.0,590.0]","[true,true,true,true,true,true,true,true,true]","[9.0,9.0,9.0,9.0,9.0,9.0,9.0,9.0,9.0]","[95.0,95.0,90.0,91.0,92.0,94.0,94.0,88.0,89.0]","[107.0,129.0,100.0,93.0,25.0,86.0,45.0,103.0,55.0]","[false,false,false,false,false,false,false,false,false]","[10.0,10.0,10.0,10.0,10.0,10.0,10.0,10.0,10.0]","[232.0,229.0,240.0,240.0,207.0,210.0,210.0,240.0,213.0]"
3920,3920,71.03430007307618,0.48944930171643697,6.438151075911787,79.7479901568335,85.26797406531347,19.449464602575993,-50577.79519999472,-26.0,9,"[0.48944930171643697,0.48944930171643697,0.48944930171643697,0.48944930171643697,0.48944930171643697,0.48944930171643697,0.48944930171643697,0.48944930171643697,0.48944930171643697]","[86.22999999999999,84.93,84.16,84.61,85.27,83.69,86.75,83.89,82.0]","[71.03430007307618,71.03430007307618,71.03430007307618,71.03430007307618,71.03430007307618,71.03430007307618,71.03430007307618,71.03430007307618,71.03430007307618]","[10.0,10.0,10.0,10.0,10.0,10.0,10.0,10.0,10.0]","[6.438151075911787,6.438151075911787,6.438151075911787,6.438151075911787,6.438151075911787,6.438151075911787,6.438151075911787,6.438151075911787,6.438151075911787]","[5.0,5.0,5.0,5.0,5.0,5.0,5.0,5.0,5.0]","[85.26797406531347,85.26797406531347,85.26797406531347,85.26797406531347,85.26797406531347,85.26797406531347,85.26797406531347,85.26797406531347,85.26797406531347]","[114.0,115.0,124.0,107.0,130.0,129.0,106.0,131.0,108.0]","[79.7479901568335,79.7479901568335,79.7479901568335,79.7479901568335,79.7479901568335,79.7479901568335,79.7479901568335,79.7479901568335,79.7479901568335]","[-1522423240,1991042840,-1031892926,-7411491,-697245885,1899879108,-1074396858,-1203011283,-170956013]","[7987.759999996611,7278.12639999704,7054.018399996785,6282.035199997052,5240.496399997115,7747.438599996793,8203.729999996343,7437.505999996836,5372.895399997236]","[true,true,true,true,true,true,true,true,true]","[35.0,32.0,33.0,30.0,30.0,31.0,42.0,26.0,35.0]","[52933.307999994264,52113.24799999459,52426.7487999944,51611.446399994595,50577.79519999472,52267.99519999456,53071.02799999412,52224.675999994506,50730.03839999477]","[1.0,1.0,1.0,1.0,1.0,1.0,1.0,1.0,1.0]","[19.449464602575993,19.449464602575993,19.449464602575993,19.449464602575993,19.449464602575993,19.449464602575993,19.449464602575993,19.449464602575993,19.449464602575993]","[3014.0,2969.0,3065.0,3022.0,3020.0,2992.0,2957.0,2904.0,2893.0]","[true,true,true,true,true,true,true,true,true]","[9.0,9.0,9.0,9.0,9.0,9.0,9.0,9.0,9.0]","[91.0,91.0,96.0,93.0,89.0,92.0,95.0,90.0,91.0]","[2479.0,2434.0,2530.0,2487.0,2485.0,2457.0,2422.0,2369.0,2358.0]","[false,false,false,false,false,false,false,false,false]","[10.0,10.0,10.0,10.0,10.0,10.0,10.0,10.0,10.0]","[250.0,250.0,250.0,248.0,250.0,250.0,243.0,247.0,249.0]"
3920,3920,70.4598787391439,0.6236314462443484,8.181953560209575,69.37842382351027,69.71272849889326,43.467703554805475,-51288.17999999411,-22.0,12,"[0.6236314462443484,0.6236314462443484,0.6236314462443484,0.6236314462443484,0.6236314462443484,0.6236314462443484,0.6236314462443484,0.6236314462443484,0.6236314462443484,0.6236314462443484,0.6236314462443484,0.6236314462443484]","[94.26,94.28,93.33,92.86,94.59,92.85,93.71000000000001,94.59,94.15,93.93,93.62,92.12]","[70.4598787391439,70.4598787391439,70.4598787391439,70.4598787391439,70.4598787391439,70.4598787391439,70.4598787391439,70.4598787391439,70.4598787391439,70.4598787391439,70.4598787391439,70.4598787391439]","[10.0,10.0,10.0,10.0,10.0,10.0,10.0,10.0,10.0,10.0,10.0,10.0]","[8.181953560209575,8.181953560209575,8.181953560209575,8.181953560209575,8.181953560209575,8.181953560209575,8.181953560209575,8.181953560209575,8.181953560209575,8.181953560209575,8.181953560209575,8.181953560209575]","[5.0,5.0,5.0,5.0,5.0,5.0,5.0,5.0,5.0,5.0,5.0,5.0]","[69.71272849889326,69.71272849889326,69.71272849889326,69.71272849889326,69.71272849889326,69.71272849889326,69.71272849889326,69.71272849889326,69.71272849889326,69.71272849889326,69.71272849889326,69.71272849889326]","[137.0,155.0,146.0,128.0,118.0,131.0,126.0,118.0,141.0,150.0,138.0,139.0]","[69.37842382351027,69.37842382351027,69.37842382351027,69.37842382351027,69.37842382351027,69.37842382351027,69.37842382351027,69.37842382351027,69.37842382351027,69.37842382351027,69.37842382351027,69.37842382351027]","[358780608,1230307419,45976805,902415070,1843879559,-1008169295,290720623,797952507,-643945289,-1349405875,-1755222451,80662382]","[6197.4625999965065,7323.260999996193,9146.673799995915,8251.431199996106,5816.291199996362,6951.980399996064,8191.710799996261,7639.265799996116,8753.79619999593,8268.959199996003,8442.17339999602,7616.60459999615]","[true,true,true,true,true,true,true,true,true,true,true,true]","[37.0,37.0,29.0,40.0,37.0,32.0,28.0,34.0,26.0,29.0,22.0,27.0]","[51373.06559999408,52982.13599999376,54024.55119999361,53177.94879999389,51288.17999999411,51781.46799999392,52964.607999993765,52376.66879999387,53762.131999993675,52913.776799993815,53541.02879999368,53068.27359999383]","[1.0,1.0,1.0,1.0,1.0,1.0,1.0,1.0,1.0,1.0,1.0,1.0]","[43.467703554805475,43.467703554805475,43.467703554805475,43.467703554805475,43.467703554805475,43.467703554805475,43.467703554805475,43.467703554805475,43.467703554805475,43.467703554805475,43.467703554805475,43.467703554805475]","[5239.0,5135.0,5267.0,5103.0,5510.0,5481.0,5616.0,5419.0,5328.0,5383.0,5512.0,5275.0]","[true,true,true,true,true,true,true,true,true,true,true,true]","[9.0,9.0,9.0,9.0,9.0,9.0,9.0,9.0,9.0,9.0,9.0,9.0]","[91.0,91.0,88.0,93.0,95.0,94.0,92.0,92.0,87.0,94.0,88.0,91.0]","[4704.0,4600.0,4732.0,4568.0,4975.0,4946.0,5081.0,4884.0,4793.0,4848.0,4977.0,4740.0]","[false,false,false,false,false,false,false,false,false,false,false,false]","[10.0,10.0,10.0,10.0,10.0,10.0,10.0,10.0,10.0,10.0,10.0,10.0]","[245.0,246.0,245.0,250.0,249.0,249.0,248.0,249.0,249.0,250.0,250.0,248.0]"
3920,3920,55.96646309208979,0.6555250964317592,8.416724201895303,100.0,73.24708014521852,40.33713384839675,-52847.17039999388,-44.0,1,"[0.6555250964317592]","[92.93]","[55.96646309208979]","[10.0]","[8.416724201895303]","[5.0]","[73.24708014521852]","[125.0]","[100.0]","[1456410087]","[7447.709799996235]","[true]","[44.0]","[52847.17039999388]","[1.0]","[40.33713384839675]","[4926.0]","[true]","[9.0]","[87.0]","[4391.0]","[false]","[10.0]","[246.0]"
3920,3920,71.20756145676512,0.6759268682877011,6.993531909164672,18.70787988548744,12.997062335936079,42.31769486255986,-42142.31999999824,-53.0,2,"[0.6759268682877011,0.6759268682877011]","[23.28,25.990000000000002]","[71.20756145676512,71.20756145676512]","[10.0,10.0]","[6.993531909164672,6.993531909164672]","[5.0,5.0]","[12.997062335936079,12.997062335936079]","[1009.0,1130.0]","[18.70787988548744,18.70787988548744]","[1185019930,-1912914858]","[-2160.3259999994843,-1490.0677999992622]","[true,true]","[62.0,53.0]","[42142.31999999824,43964.4807999983]","[1.0,1.0]","[42.31769486255986,42.31769486255986]","[100.0,182.0]","[true,true]","[9.0,9.0]","[90.0,90.0]","[-435.0,-353.0]","[false,false]","[10.0,10.0]","[52.0,31.0]"
3920,3920,26.660756727387437,0.5198778477220242,6.277933479590757,61.52804499193976,40.66347919337827,5.0,-44969.58639999813,-45.0,4,"[0.5198778477220242,0.5198778477220242,0.5198778477220242,0.5198778477220242]","[39.989999999999995,39.18,35.53,38.89]","[26.660756727387437,26.660756727387437,26.660756727387437,26.660756727387437]","[10.0,10.0,10.0,10.0]","[6.277933479590757,6.277933479590757,6.277933479590757,6.277933479590757]","[5.0,5.0,5.0,5.0]","[40.66347919337827,40.66347919337827,40.66347919337827,40.66347919337827]","[810.0,855.0,888.0,812.0]","[61.52804499193976,61.52804499193976,61.52804499193976,61.52804499193976]","[-1839093243,1935107768,1548346674,-1087020193]","[215.40659999994386,369.402599999863,701.1200000004974,778.7440000004062]","[true,true,true,true]","[51.0,47.0,48.0,45.0]","[45080.763999997675,45446.34799999756,44969.58639999813,45357.205599997906]","[1.0,1.0,1.0,1.0]","[5.0,5.0,5.0,5.0]","[386.0,381.0,323.0,388.0]","[true,true,true,true]","[9.0,9.0,9.0,9.0]","[95.0,88.0,89.0,90.0]","[-149.0,-154.0,-212.0,-147.0]","[false,false,false,false]","[10.0,10.0,10.0,10.0]","[170.0,175.0,168.0,193.0]"
3920,3920,68.18380745350424,0.6367503453055658,8.08673528743033,84.84808993209806,71.39890877264843,45.5251525063692,-52590.76079999389,-37.0,3,"[0.6367503453055658,0.6367503453055658,0.6367503453055658]","[93.97,93.13,93.81]","[68.18380745350424,68.18380745350424,68.18380745350424]","[10.0,10.0,10.0]","[8.08673528743033,8.08673528743033,8.08673528743033]","[5.0,5.0,5.0]","[71.39890877264843,71.39890877264843,71.39890877264843]","[99.0,102.0,86.0]","[84.84808993209806,84.84808993209806,84.84808993209806]","[-851035118,329218601,-1477273607]","[8227.643199995968,7218.343399996142,7527.837799996007]","[true,true,true]","[43.0,38.0,37.0]","[53547.789599993695,52590.76079999389,53137.88479999378]","[1.0,1.0,1.0]","[45.5251525063692,45.5251525063692,45.5251525063692]","[5453.0,5442.0,5490.0]","[true,true,true]","[9.0,9.0,9.0]","[89.0,87.0,94.0]","[4918.0,4907.0,4955.0]","[false,false,false]","[10.0,10.0,10.0]","[250.0,249.0,248.0]"
3920,3920,51.987580566434566,0.2670939658306696,7.457956426003486,44.207182453812734,62.36711656471318,42.90397490231171,-51859.843199994466,-33.0,5,"[0.2670939658306696,0.2670939658306696,0.2670939658306696,0.2670939658306696,0.2670939658306696]","[88.02,89.91,88.94,87.02,87.64]","[51.987580566434566,51.987580566434566,51.987580566434566,51.987580566434566,51.987580566434566]","[10.0,10.0,10.0,10.0,10.0]","[7.457956426003486,7.457956426003486,7.457956426003486,7.457956426003486,7.457956426003486]","[5.0,5.0,5.0,5.0,5.0]","[62.36711656471318,62.36711656471318,62.36711656471318,62.36711656471318,62.36711656471318]","[646.0,532.0,566.0,734.0,627.0]","[44.207182453812734,44.207182453812734,44.207182453812734,44.207182453812734,44.207182453812734]","[-2002045140,1707327178,1011822561,-1059445582,-983808615]","[6835.168799996609,6953.357599996358,7055.270399996793,7477.0065999968865,6695.132599996672]","[true,true,true,true,true]","[38.0,43.0,46.0,37.0,33.0]","[52985.14079999428,52383.42959999409,52173.34399999434,51859.843199994466,51984.54239999432]","[1.0,1.0,1.0,1.0,1.0]","[42.90397490231171,42.90397490231171,42.90397490231171,42.90397490231171,42.90397490231171]","[3571.0,3985.0,3820.0,3305.0,4071.0]","[true,true,true,true,true]","[9.0,9.0,9.0,9.0,9.0]","[93.0,90.0,88.0,88.0,91.0]","[3036.0,3450.0,3285.0,2770.0,3536.0]","[false,false,false,false,false]","[10.0,10.0,10.0,10.0,10.0]","[233.0,240.0,240.0,220.0,236.0]"
3920,3920,67.67814046383779,0.0,6.910360538826089,22.232910422118152,39.375718272952795,43.49243141146064,-44900.225599997444,-47.0,3,"[0.0,0.0,0.0]","[53.480000000000004,48.55,43.230000000000004]","[67.67814046383779,67.67814046383779,67.67814046383779]","[10.0,10.0,10.0]","[6.910360538826089,6.910360538826089,6.910360538826089]","[5.0,5.0,5.0]","[39.375718272952795,39.375718272952795,39.375718272952795]","[956.0,1140.0,1308.0]","[22.232910422118152,22.232910422118152,22.232910422118152]","[-712784496,1220250807,-807213833]","[3177.325599999189,1502.2747999996427,-61.661000000203785]","[true,true,true]","[53.0,52.0,47.0]","[47826.14959999695,46846.0839999973,44900.225599997444]","[1.0,1.0,1.0]","[43.49243141146064,43.49243141146064,43.49243141146064]","[906.0,810.0,540.0]","[true,true,true]","[9.0,9.0,9.0]","[92.0,87.0,94.0]","[371.0,275.0,5.0]","[false,false,false]","[10.0,10.0,10.0]","[203.0,208.0,209.0]"
3920,3920,0.0,0.260899890836502,6.842060858166735,69.0116385639998,63.002753623351786,5.0,-42786.84959999827,-52.0,2,"[0.260899890836502,0.260899890836502]","[23.43,25.419999999999998]","[0.0,0.0]","[10.0,10.0]","[6.842060858166735,6.842060858166735]","[5.0,5.0]","[63.002753623351786,63.002753623351786]","[705.0,741.0]","[69.0116385639998,69.0116385639998]","[234199151,-962333573]","[-2383.2445999992924,-1258.3851999995168]","[true,true]","[58.0,52.0]","[42786.84959999827,43546.312799998195]","[1.0,1.0]","[5.0,5.0]","[138.0,163.0]","[true,true]","[9.0,9.0]","[91.0,88.0]","[-397.0,-372.0]","[false,false]","[10.0,10.0]","[99.0,64.0]"
3920,3920,52.38579138278438,0.9435196907960962,5.3905580117835274,88.37590689768324,15.96350004969929,22.155865077739637,-42257.00319999804,-46.0,7,"[0.9435196907960962,0.9435196907960962,0.9435196907960962,0.9435196907960962,0.9435196907960962,0.9435196907960962,0.9435196907960962]","[21.92,23.64,27.439999999999998,28.16,27.29,28.4,27.96]","[52.38579138278438,52.38579138278438,52.38579138278438,52.38579138278438,52.38579138278438,52.38579138278438,52.38579138278438]","[10.0,10.0,10.0,10.0,10.0,10.0,10.0]","[5.3905580117835274,5.3905580117835274,5.3905580117835274,5.3905580117835274,5.3905580117835274,5.3905580117835274,5.3905580117835274]","[5.0,5.0,5.0,5.0,5.0,5.0,5.0]","[15.96350004969929,15.96350004969929,15.96350004969929,15.96350004969929,15.96350004969929,15.96350004969929,15.96350004969929]","[669.0,787.0,670.0,798.0,758.0,786.0,723.0]","[88.37590689768324,88.37590689768324,88.37590689768324,88.37590689768324,88.37590689768324,88.37590689768324,88.37590689768324]","[704319683,-614033431,106000273,-1990582528,-220889503,527910412,859669995]","[-2861.6337999992393,-2459.366199999349,-1423.9621999995798,-2146.8669999996564,-3100.014599999551,-964.290399999576,-2318.140599999708]","[true,true,true,true,true,true,true]","[60.0,56.0,54.0,46.0,51.0,48.0,49.0]","[42556.982399998364,42646.62559999831,43604.90639999809,43025.48079999803,42722.496799998175,44047.3631999982,42257.00319999804]","[1.0,1.0,1.0,1.0,1.0,1.0,1.0]","[22.155865077739637,22.155865077739637,22.155865077739637,22.155865077739637,22.155865077739637,22.155865077739637,22.155865077739637]","[104.0,124.0,172.0,187.0,180.0,186.0,190.0]","[true,true,true,true,true,true,true]","[9.0,9.0,9.0,9.0,9.0,9.0,9.0]","[95.0,90.0,90.0,87.0,90.0,89.0,96.0]","[-431.0,-411.0,-363.0,-348.0,-355.0,-349.0,-345.0]","[false,false,false,false,false,false,false]","[10.0,10.0,10.0,10.0,10.0,10.0,10.0]","[55.0,49.0,62.0,71.0,82.0,70.0,67.0]"
3920,3920,75.32042679092561,0.591763375274777,8.398546293279718,70.52194127955642,69.09904951204724,41.983888760192386,-51618.95839999407,-19.0,10,"[0.591763375274777,0.591763375274777,0.591763375274777,0.591763375274777,0.591763375274777,0.591763375274777,0.591763375274777,0.591763375274777,0.591763375274777,0.591763375274777]","[92.25,92.54,93.38,93.74,92.96,93.17999999999999,92.66,93.13,93.41000000000001,93.4]","[75.32042679092561,75.32042679092561,75.32042679092561,75.32042679092561,75.32042679092561,75.32042679092561,75.32042679092561,75.32042679092561,75.32042679092561,75.32042679092561]","[10.0,10.0,10.0,10.0,10.0,10.0,10.0,10.0,10.0,10.0]","[8.398546293279718,8.398546293279718,8.398546293279718,8.398546293279718,8.398546293279718,8.398546293279718,8.398546293279718,8.398546293279718,8.398546293279718,8.398546293279718]","[5.0,5.0,5.0,5.0,5.0,5.0,5.0,5.0,5.0,5.0]","[69.09904951204724,69.09904951204724,69.09904951204724,69.09904951204724,69.09904951204724,69.09904951204724,69.09904951204724,69.09904951204724,69.09904951204724,69.09904951204724]","[95.0,112.0,103.0,139.0,127.0,147.0,120.0,125.0,141.0,116.0]","[70.52194127955642,70.52194127955642,70.52194127955642,70.52194127955642,70.52194127955642,70.52194127955642,70.52194127955642,70.52194127955642,70.52194127955642,70.52194127955642]","[1719454740,1588544080,-1470840723,645910350,685028543,-1523464490,635707205,-191079104,2063516970,670347361]","[7074.989399996077,8653.072799995964,8722.996999996074,7829.25679999611,7765.655199996152,7730.411399996228,8271.087599996143,7614.789199996405,7736.921799996075,6188.886399996394]","[true,true,true,true,true,true,true,true,true,true]","[42.0,33.0,26.0,34.0,29.0,32.0,19.0,45.0,37.0,34.0]","[52307.307999993965,53511.98239999371,53882.57439999369,53170.937599993784,53358.23679999382,52693.925599993825,52934.55999999384,51839.05999999403,52964.60799999383,51618.95839999407]","[1.0,1.0,1.0,1.0,1.0,1.0,1.0,1.0,1.0,1.0]","[41.983888760192386,41.983888760192386,41.983888760192386,41.983888760192386,41.983888760192386,41.983888760192386,41.983888760192386,41.983888760192386,41.983888760192386,41.983888760192386]","[5110.0,5125.0,5509.0,5225.0,5351.0,5211.0,5391.0,5196.0,5081.0,5326.0]","[true,true,true,true,true,true,true,true,true,true]","[9.0,9.0,9.0,9.0,9.0,9.0,9.0,9.0,9.0,9.0]","[90.0,86.0,94.0,92.0,93.0,92.0,90.0,92.0,91.0,91.0]","[4575.0,4590.0,4974.0,4690.0,4816.0,4676.0,4856.0,4661.0,4546.0,4791.0]","[false,false,false,false,false,false,false,false,false,false]","[10.0,10.0,10.0,10.0,10.0,10.0,10.0,10.0,10.0,10.0]","[250.0,250.0,250.0,248.0,250.0,246.0,249.0,250.0,249.0,248.0]"
3920,3920,69.26317935485174,0.5661919609171807,8.497426747292016,100.0,72.61600272071374,43.56162799232834,-53103.83039999375,-43.0,1,"[0.5661919609171807]","[94.01]","[69.26317935485174]","[10.0]","[8.497426747292016]","[5.0]","[72.61600272071374]","[86.0]","[100.0]","[-1363355285]","[8708.285999996137]","[true]","[43.0]","[53103.83039999375]","[1.0]","[43.56162799232834]","[5438.0]","[true]","[9.0]","[93.0]","[4903.0]","[false]","[10.0]","[250.0]"
3920,3920,11.378615386667734,0.9884225020791937,7.151638847284126,7.806177009782085,91.6648066745564,47.98567162435401,-50688.47199999478,-33.0,8,"[0.9884225020791937,0.9884225020791937,0.9884225020791937,0.9884225020791937,0.9884225020791937,0.9884225020791937,0.9884225020791937,0.9884225020791937]","[84.05,87.74,86.31,84.68,86.94,85.82,86.99,85.92999999999999]","[11.378615386667734,11.378615386667734,11.378615386667734,11.378615386667734,11.378615386667734,11.378615386667734,11.378615386667734,11.378615386667734]","[10.0,10.0,10.0,10.0,10.0,10.0,10.0,10.0]","[7.151638847284126,7.151638847284126,7.151638847284126,7.151638847284126,7.151638847284126,7.151638847284126,7.151638847284126,7.151638847284126]","[5.0,5.0,5.0,5.0,5.0,5.0,5.0,5.0]","[91.6648066745564,91.6648066745564,91.6648066745564,91.6648066745564,91.6648066745564,91.6648066745564,91.6648066745564,91.6648066745564]","[1447.0,1356.0,1419.0,1366.0,1244.0,1397.0,1248.0,1498.0]","[7.806177009782085,7.806177009782085,7.806177009782085,7.806177009782085,7.806177009782085,7.806177009782085,7.806177009782085,7.806177009782085]","[-662773905,707658181,1432185533,-296258601,-936011715,672751294,-1483380455,417469840]","[5275.239399997205,5992.510199996956,7893.171399996776,5897.796399996878,6554.845999996833,6502.950599996962,6113.202999996902,5431.426399997072]","[true,true,true,true,true,true,true,true]","[42.0,33.0,40.0,37.0,34.0,44.0,35.0,45.0]","[50688.47199999478,51124.66879999461,52741.75199999443,51423.646399994526,51452.4423999946,51630.7271999946,51814.77119999446,50861.498399994714]","[1.0,1.0,1.0,1.0,1.0,1.0,1.0,1.0]","[47.98567162435401,47.98567162435401,47.98567162435401,47.98567162435401,47.98567162435401,47.98567162435401,47.98567162435401,47.98567162435401]","[2698.0,2987.0,2771.0,2879.0,3018.0,2844.0,3113.0,2744.0]","[true,true,true,true,true,true,true,true]","[9.0,9.0,9.0,9.0,9.0,9.0,9.0,9.0]","[93.0,87.0,86.0,90.0,92.0,92.0,90.0,94.0]","[2163.0,2452.0,2236.0,2344.0,2483.0,2309.0,2578.0,2209.0]","[false,false,false,false,false,false,false,false]","[10.0,10.0,10.0,10.0,10.0,10.0,10.0,10.0]","[199.0,204.0,207.0,208.0,235.0,201.0,201.0,204.0]"
3920,3920,75.14977784923207,0.7216188411356079,4.79102527796295,89.57780539919334,49.55935588140751,14.885212178764426,-49855.1407999956,-42.0,2,"[0.7216188411356079,0.7216188411356079]","[76.01,74.09]","[75.14977784923207,75.14977784923207]","[10.0,10.0]","[4.79102527796295,4.79102527796295]","[5.0,5.0]","[49.55935588140751,49.55935588140751]","[58.0,91.0]","[89.57780539919334,89.57780539919334]","[-2041343153,1177321844]","[6802.679399997462,5117.236999998029]","[true,true]","[45.0,42.0]","[51937.71759999513,49855.1407999956]","[1.0,1.0]","[14.885212178764426,14.885212178764426]","[2035.0,1929.0]","[true,true]","[9.0,9.0]","[92.0,89.0]","[1500.0,1394.0]","[false,false]","[10.0,10.0]","[250.0,247.0]"
3920,3920,39.68235417498288,0.12655235741574092,7.769456895971581,9.257360787059422,34.15449120733607,8.624394068747453,-42616.82799999799,-50.0,6,"[0.12655235741574092,0.12655235741574092,0.12655235741574092,0.12655235741574092,0.12655235741574092,0.12655235741574092]","[26.3,26.240000000000002,23.06,30.95,22.86,27.08]","[39.68235417498288,39.68235417498288,39.68235417498288,39.68235417498288,39.68235417498288,39.68235417498288]","[10.0,10.0,10.0,10.0,10.0,10.0]","[7.769456895971581,7.769456895971581,7.769456895971581,7.769456895971581,7.769456895971581,7.769456895971581]","[5.0,5.0,5.0,5.0,5.0,5.0]","[34.15449120733607,34.15449120733607,34.15449120733607,34.15449120733607,34.15449120733607,34.15449120733607]","[1594.0,1874.0,1559.0,1438.0,1553.0,1692.0]","[9.257360787059422,9.257360787059422,9.257360787059422,9.257360787059422,9.257360787059422,9.257360787059422]","[-252048312,-654068532,-1558594298,-1521447405,387146261,-242054587]","[-849.7949999993507,-1384.08599999945,-2734.7435999992085,-772.1083999994225,-1562.0577999992965,-2419.3021999996345]","[true,true,true,true,true,true]","[54.0,54.0,54.0,50.0,55.0,56.0]","[43795.961599998314,43722.093599998225,43012.960799998385,43927.17119999823,43376.2911999984,42616.82799999799]","[1.0,1.0,1.0,1.0,1.0,1.0]","[8.624394068747453,8.624394068747453,8.624394068747453,8.624394068747453,8.624394068747453,8.624394068747453]","[149.0,173.0,128.0,223.0,128.0,161.0]","[true,true,true,true,true,true]","[9.0,9.0,9.0,9.0,9.0,9.0]","[90.0,86.0,88.0,89.0,96.0,90.0]","[-386.0,-362.0,-407.0,-312.0,-407.0,-374.0]","[false,false,false,false,false,false]","[10.0,10.0,10.0,10.0,10.0,10.0]","[124.0,141.0,129.0,145.0,105.0,128.0]"
3920,3920,4.655790227256951,0.7440775612430377,7.205925559841718,2.733743242325004,95.09914232605455,46.6062844993186,-44208.62079999742,-43.0,7,"[0.7440775612430377,0.7440775612430377,0.7440775612430377,0.7440775612430377,0.7440775612430377,0.7440775612430377,0.7440775612430377]","[45.81,43.79,43.36,34.23,44.47,39.82,40.12]","[4.655790227256951,4.655790227256951,4.655790227256951,4.655790227256951,4.655790227256951,4.655790227256951,4.655790227256951]","[10.0,10.0,10.0,10.0,10.0,10.0,10.0]","[7.205925559841718,7.205925559841718,7.205925559841718,7.205925559841718,7.205925559841718,7.205925559841718,7.205925559841718]","[5.0,5.0,5.0,5.0,5.0,5.0,5.0]","[95.09914232605455,95.09914232605455,95.09914232605455,95.09914232605455,95.09914232605455,95.09914232605455,95.09914232605455]","[1729.0,1746.0,1808.0,2001.0,1813.0,1922.0,1866.0]","[2.733743242325004,2.733743242325004,2.733743242325004,2.733743242325004,2.733743242325004,2.733743242325004,2.733743242325004]","[-735116588,-1769000415,-428450314,-1091834265,-592408147,-404239250,-648409591]","[528.9699999998702,636.7045999998008,447.9655999997558,-911.581199999724,-35.869800000327814,349.05759999984,-1332.253200000123]","[true,true,true,true,true,true,true]","[43.0,44.0,45.0,49.0,48.0,48.0,46.0]","[46396.61599999741,46303.96799999729,45723.29039999746,44242.424799997854,44208.62079999742,45104.55199999749,44509.10079999759]","[1.0,1.0,1.0,1.0,1.0,1.0,1.0]","[46.6062844993186,46.6062844993186,46.6062844993186,46.6062844993186,46.6062844993186,46.6062844993186,46.6062844993186]","[591.0,509.0,541.0,297.0,525.0,466.0,436.0]","[true,true,true,true,true,true,true]","[9.0,9.0,9.0,9.0,9.0,9.0,9.0]","[92.0,94.0,91.0,91.0,94.0,92.0,90.0]","[56.0,-26.0,6.0,-238.0,-10.0,-69.0,-99.0]","[false,false,false,false,false,false,false]","[10.0,10.0,10.0,10.0,10.0,10.0,10.0]","[192.0,162.0,201.0,198.0,196.0,186.0,199.0]"
3920,3920,74.56112045612853,0.5905543618921245,9.103933215369528,69.48611370839328,69.23168689353034,47.47226273180007,-54350.32159999347,-32.0,2,"[0.5905543618921245,0.5905543618921245]","[94.31,94.58]","[74.56112045612853,74.56112045612853]","[10.0,10.0]","[9.103933215369528,9.103933215369528]","[5.0,5.0]","[69.23168689353034,69.23168689353034]","[132.0,100.0]","[69.48611370839328,69.48611370839328]","[-156466936,1782510822]","[9264.048799995711,8608.251199995851]","[true,true]","[32.0,32.0]","[54476.77359999346,54350.32159999347]","[1.0,1.0]","[47.47226273180007,47.47226273180007]","[5975.0,6317.0]","[true,true]","[9.0,9.0]","[88.0,91.0]","[5440.0,5782.0]","[false,false]","[10.0,10.0]","[249.0,249.0]"
3920,3920,77.061482229125,0.44562613600505824,8.037702335502257,91.19324973559398,68.84834370416202,48.81938977640531,-52130.27519999391,-20.0,8,"[0.44562613600505824,0.44562613600505824,0.44562613600505824,0.44562613600505824,0.44562613600505824,0.44562613600505824,0.44562613600505824,0.44562613600505824]","[93.63,94.83,93.60000000000001,94.36,93.08,94.49,95.04,93.36]","[77.061482229125,77.061482229125,77.061482229125,77.061482229125,77.061482229125,77.061482229125,77.061482229125,77.061482229125]","[10.0,10.0,10.0,10.0,10.0,10.0,10.0,10.0]","[8.037702335502257,8.037702335502257,8.037702335502257,8.037702335502257,8.037702335502257,8.037702335502257,8.037702335502257,8.037702335502257]","[5.0,5.0,5.0,5.0,5.0,5.0,5.0,5.0]","[68.84834370416202,68.84834370416202,68.84834370416202,68.84834370416202,68.84834370416202,68.84834370416202,68.84834370416202,68.84834370416202]","[98.0,93.0,103.0,102.0,122.0,110.0,64.0,109.0]","[91.19324973559398,91.19324973559398,91.19324973559398,91.19324973559398,91.19324973559398,91.19324973559398,91.19324973559398,91.19324973559398]","[1963175939,1673084828,-493729727,-1505513389,855061820,-1662915907,471943004,1434584442]","[8531.065399996085,8019.435599996075,7198.123599996208,8083.162399996087,7736.295799996216,8974.148199996016,8425.89739999605,7411.714799996371]","[true,true,true,true,true,true,true,true]","[34.0,25.0,33.0,25.0,34.0,29.0,20.0,30.0]","[53120.85759999377,52996.4087999937,53404.56079999375,52812.61519999379,53060.761599993806,52997.15999999377,53027.70879999367,52130.27519999391]","[1.0,1.0,1.0,1.0,1.0,1.0,1.0,1.0]","[48.81938977640531,48.81938977640531,48.81938977640531,48.81938977640531,48.81938977640531,48.81938977640531,48.81938977640531,48.81938977640531]","[5664.0,5734.0,5752.0,5654.0,5431.0,5737.0,6029.0,5510.0]","[true,true,true,true,true,true,true,true]","[9.0,9.0,9.0,9.0,9.0,9.0,9.0,9.0]","[92.0,90.0,88.0,91.0,92.0,89.0,92.0,89.0]","[5129.0,5199.0,5217.0,5119.0,4896.0,5202.0,5494.0,4975.0]","[false,false,false,false,false,false,false,false]","[10.0,10.0,10.0,10.0,10.0,10.0,10.0,10.0]","[250.0,250.0,250.0,250.0,249.0,247.0,250.0,250.0]"
3920,3920,40.64774493291849,0.5988401845359428,1.0690315189037694,53.63180575524646,87.25924065578951,30.115218026068625,-49398.661599995234,-29.0,12,"[0.5988401845359428,0.5988401845359428,0.5988401845359428,0.5988401845359428,0.5988401845359428,0.5988401845359428,0.5988401845359428,0.5988401845359428,0.5988401845359428,0.5988401845359428,0.5988401845359428,0.5988401845359428]","[74.91,81.65,83.48,76.94,81.61,77.79,81.87,73.18,81.52000000000001,82.78999999999999,80.88,80.67]","[40.64774493291849,40.64774493291849,40.64774493291849,40.64774493291849,40.64774493291849,40.64774493291849,40.64774493291849,40.64774493291849,40.64774493291849,40.64774493291849,40.64774493291849,40.64774493291849]","[10.0,10.0,10.0,10.0,10.0,10.0,10.0,10.0,10.0,10.0,10.0,10.0]","[1.0690315189037694,1.0690315189037694,1.0690315189037694,1.0690315189037694,1.0690315189037694,1.0690315189037694,1.0690315189037694,1.0690315189037694,1.0690315189037694,1.0690315189037694,1.0690315189037694,1.0690315189037694]","[5.0,5.0,5.0,5.0,5.0,5.0,5.0,5.0,5.0,5.0,5.0,5.0]","[87.25924065578951,87.25924065578951,87.25924065578951,87.25924065578951,87.25924065578951,87.25924065578951,87.25924065578951,87.25924065578951,87.25924065578951,87.25924065578951,87.25924065578951,87.25924065578951]","[454.0,382.0,406.0,421.0,444.0,510.0,342.0,513.0,514.0,305.0,470.0,475.0]","[53.63180575524646,53.63180575524646,53.63180575524646,53.63180575524646,53.63180575524646,53.63180575524646,53.63180575524646,53.63180575524646,53.63180575524646,53.63180575524646,53.63180575524646,53.63180575524646]","[-1654461494,-1362506045,-1607629732,-1511129316,2045760381,-1133230519,891780724,-2073030633,-2003615776,1940106983,-1311753238,-1117908616]","[4890.62499999749,5410.204999997084,5579.976199997371,6271.893999997381,6588.837799997062,5556.6889999975465,5796.697399996861,5629.555399997524,6194.207399997293,6725.117999996997,5908.062799997395,4244.718199997558]","[true,true,true,true,true,true,true,true,true,true,true,true]","[35.0,40.0,33.0,40.0,43.0,37.0,29.0,36.0,31.0,41.0,46.0,37.0]","[50125.322399995246,50567.02799999483,50446.83599999489,51177.75359999505,51993.05599999475,50884.03439999537,51538.57999999477,50638.39199999526,51545.34079999497,50744.060799994746,50487.65119999513,49398.661599995234]","[1.0,1.0,1.0,1.0,1.0,1.0,1.0,1.0,1.0,1.0,1.0,1.0]","[30.115218026068625,30.115218026068625,30.115218026068625,30.115218026068625,30.115218026068625,30.115218026068625,30.115218026068625,30.115218026068625,30.115218026068625,30.115218026068625,30.115218026068625,30.115218026068625]","[1997.0,2774.0,3177.0,2121.0,2702.0,2298.0,2732.0,1946.0,2449.0,2855.0,2474.0,2736.0]","[true,true,true,true,true,true,true,true,true,true,true,true]","[9.0,9.0,9.0,9.0,9.0,9.0,9.0,9.0,9.0,9.0,9.0,9.0]","[97.0,89.0,91.0,92.0,91.0,96.0,88.0,95.0,93.0,96.0,95.0,92.0]","[1462.0,2239.0,2642.0,1586.0,2167.0,1763.0,2197.0,1411.0,1914.0,2320.0,1939.0,2201.0]","[false,false,false,false,false,false,false,false,false,false,false,false]","[10.0,10.0,10.0,10.0,10.0,10.0,10.0,10.0,10.0,10.0,10.0,10.0]","[225.0,240.0,240.0,237.0,239.0,230.0,240.0,214.0,217.0,240.0,240.0,229.0]"
3920,3920,100.0,0.0,8.951908633984594,100.0,15.906213846094222,5.0,-44157.28879999771,-45.0,6,"[0.0,0.0,0.0,0.0,0.0,0.0]","[43.07,43.02,40.01,45.39,35.86,43.95]","[100.0,100.0,100.0,100.0,100.0,100.0]","[10.0,10.0,10.0,10.0,10.0,10.0]","[8.951908633984594,8.951908633984594,8.951908633984594,8.951908633984594,8.951908633984594,8.951908633984594]","[5.0,5.0,5.0,5.0,5.0,5.0]","[15.906213846094222,15.906213846094222,15.906213846094222,15.906213846094222,15.906213846094222,15.906213846094222]","[261.0,254.0,365.0,231.0,477.0,246.0]","[100.0,100.0,100.0,100.0,100.0,100.0]","[1677950267,-864302379,1407520180,1985442299,1582730696,763516506]","[264.9857999997621,1469.409799999994,-20.40759999997681,106.4199999996199,-613.6677999996391,-313.4382000003752]","[true,true,true,true,true,true]","[54.0,49.0,47.0,49.0,47.0,45.0]","[44993.123999997515,46483.75519999765,44157.28879999771,45481.90479999737,44474.54559999794,44598.2431999974]","[1.0,1.0,1.0,1.0,1.0,1.0]","[5.0,5.0,5.0,5.0,5.0,5.0]","[505.0,468.0,444.0,576.0,304.0,527.0]","[true,true,true,true,true,true]","[9.0,9.0,9.0,9.0,9.0,9.0]","[90.0,94.0,92.0,95.0,93.0,89.0]","[-30.0,-67.0,-91.0,41.0,-231.0,-8.0]","[false,false,false,false,false,false]","[10.0,10.0,10.0,10.0,10.0,10.0]","[210.0,240.0,213.0,240.0,240.0,240.0]"
3920,3920,37.73761622017709,0.31922965324094116,1.0,34.149895317104225,25.508624636583143,8.715752384605512,-41668.31279999814,-48.0,7,"[0.31922965324094116,0.31922965324094116,0.31922965324094116,0.31922965324094116,0.31922965324094116,0.31922965324094116,0.31922965324094116]","[24.27,27.85,26.85,27.77,27.560000000000002,22.869999999999997,28.17]","[37.73761622017709,37.73761622017709,37.73761622017709,37.73761622017709,37.73761622017709,37.73761622017709,37.73761622017709]","[10.0,10.0,10.0,10.0,10.0,10.0,10.0]","[1.0,1.0,1.0,1.0,1.0,1.0,1.0]","[5.0,5.0,5.0,5.0,5.0,5.0,5.0]","[25.508624636583143,25.508624636583143,25.508624636583143,25.508624636583143,25.508624636583143,25.508624636583143,25.508624636583143]","[90.0,103.0,91.0,88.0,92.0,82.0,93.0]","[34.149895317104225,34.149895317104225,34.149895317104225,34.149895317104225,34.149895317104225,34.149895317104225,34.149895317104225]","[-203050322,-542334789,1112019569,-422737571,621555707,-1405281476,2035812787]","[-791.3265999992727,-607.5329999994137,-1193.2185999995781,-1979.787599999574,-2547.6947999996555,-3340.085599999562,-2486.722399999766]","[true,true,true,true,true,true,true]","[51.0,54.0,48.0,48.0,48.0,54.0,50.0]","[43867.07519999839,44233.41039999824,43351.00079999815,42636.85999999814,42616.57759999805,41668.31279999814,42646.87599999801]","[1.0,1.0,1.0,1.0,1.0,1.0,1.0]","[8.715752384605512,8.715752384605512,8.715752384605512,8.715752384605512,8.715752384605512,8.715752384605512,8.715752384605512]","[145.0,166.0,173.0,210.0,204.0,119.0,193.0]","[true,true,true,true,true,true,true]","[9.0,9.0,9.0,9.0,9.0,9.0,9.0]","[92.0,96.0,95.0,93.0,94.0,91.0,92.0]","[-390.0,-369.0,-362.0,-325.0,-331.0,-416.0,-342.0]","[false,false,false,false,false,false,false]","[10.0,10.0,10.0,10.0,10.0,10.0,10.0]","[0.0,0.0,5.0,0.0,3.0,2.0,3.0]"
3920,3920,75.96868403614694,0.5538365325927118,10.0,69.22799771719932,80.62810588456188,35.43403008440251,-53136.632799993815,-42.0,1,"[0.5538365325927118]","[92.84]","[75.96868403614694]","[10.0]","[10.0]","[5.0]","[80.62810588456188]","[103.0]","[69.22799771719932]","[1591724099]","[8033.082399996136]","[true]","[42.0]","[53136.632799993815]","[1.0]","[35.43403008440251]","[4725.0]","[true]","[9.0]","[92.0]","[4190.0]","[false]","[10.0]","[250.0]"
3920,3920,54.707670514165166,0.15763665667032406,10.0,63.269214024405116,40.6540512468605,33.87049667066022,-51603.683999994675,-40.0,2,"[0.15763665667032406,0.15763665667032406]","[86.15,88.24]","[54.707670514165166,54.707670514165166]","[10.0,10.0]","[10.0,10.0]","[5.0,5.0]","[40.6540512468605,40.6540512468605]","[416.0,454.0]","[63.269214024405116,63.269214024405116]","[1227738542,-505767750]","[7007.694399996966,6511.5267999968055]","[true,true]","[44.0,40.0]","[51603.683999994675,51883.6311999944]","[1.0,1.0]","[33.87049667066022,33.87049667066022]","[3234.0,3285.0]","[true,true]","[9.0,9.0]","[97.0,95.0]","[2699.0,2750.0]","[false,false]","[10.0,10.0]","[232.0,233.0]"
3920,3920,15.146134034426781,0.021276562814264755,5.033294580226851,86.86373952426209,6.31685047947855,5.0,-41793.763199998015,-53.0,3,"[0.021276562814264755,0.021276562814264755,0.021276562814264755]","[26.779999999999998,26.400000000000002,23.96]","[15.146134034426781,15.146134034426781,15.146134034426781]","[10.0,10.0,10.0]","[5.033294580226851,5.033294580226851,5.033294580226851]","[5.0,5.0,5.0]","[6.31685047947855,6.31685047947855,6.31685047947855]","[350.0,361.0,339.0]","[86.86373952426209,86.86373952426209,86.86373952426209]","[-1876622396,1242745352,1578223547]","[-79.87759999949049,-3574.334799999495,-2439.3341999993136]","[true,true,true]","[54.0,53.0,54.0]","[44410.44319999833,41793.763199998015,42462.080799998235]","[1.0,1.0,1.0]","[5.0,5.0,5.0]","[154.0,163.0,131.0]","[true,true,true]","[9.0,9.0,9.0]","[92.0,91.0,91.0]","[-381.0,-372.0,-404.0]","[false,false,false]","[10.0,10.0,10.0]","[13.0,14.0,11.0]"
3920,3920,67.01770071378819,0.659404423748202,6.049758053535213,44.28376570481276,98.85443438271386,17.04778905400139,-49473.28079999511,-30.0,10,"[0.659404423748202,0.659404423748202,0.659404423748202,0.659404423748202,0.659404423748202,0.659404423748202,0.659404423748202,0.659404423748202,0.659404423748202,0.659404423748202]","[83.83,82.66,79.39,83.37,82.01,81.49,83.99,80.17999999999999,83.39999999999999,82.16]","[67.01770071378819,67.01770071378819,67.01770071378819,67.01770071378819,67.01770071378819,67.01770071378819,67.01770071378819,67.01770071378819,67.01770071378819,67.01770071378819]","[10.0,10.0,10.0,10.0,10.0,10.0,10.0,10.0,10.0,10.0]","[6.049758053535213,6.049758053535213,6.049758053535213,6.049758053535213,6.049758053535213,6.049758053535213,6.049758053535213,6.049758053535213,6.049758053535213,6.049758053535213]","[5.0,5.0,5.0,5.0,5.0,5.0,5.0,5.0,5.0,5.0]","[98.85443438271386,98.85443438271386,98.85443438271386,98.85443438271386,98.85443438271386,98.85443438271386,98.85443438271386,98.85443438271386,98.85443438271386,98.85443438271386]","[269.0,229.0,276.0,237.0,231.0,271.0,269.0,225.0,249.0,237.0]","[44.28376570481276,44.28376570481276,44.28376570481276,44.28376570481276,44.28376570481276,44.28376570481276,44.28376570481276,44.28376570481276,44.28376570481276,44.28376570481276]","[1606388574,425400888,1499065453,-2014696441,-1003036168,93868020,582231612,1292839055,-1537523192,-25708826]","[7647.153399996765,6057.363799997154,5655.596999997084,7103.847999996789,3944.6137999975326,5883.273199997406,6080.9639999969295,5624.17179999729,7245.449199996845,5747.055599997184]","[true,true,true,true,true,true,true,true,true,true]","[32.0,35.0,33.0,30.0,35.0,38.0,37.0,38.0,41.0,40.0]","[53009.179199994454,51262.38879999489,50635.8879999948,52781.315199994446,49473.28079999511,50903.81599999502,51242.10639999461,50770.853599994996,52412.225599994505,51123.667199994794]","[1.0,1.0,1.0,1.0,1.0,1.0,1.0,1.0,1.0,1.0]","[17.04778905400139,17.04778905400139,17.04778905400139,17.04778905400139,17.04778905400139,17.04778905400139,17.04778905400139,17.04778905400139,17.04778905400139,17.04778905400139]","[2564.0,2587.0,2619.0,2648.0,2647.0,2574.0,2710.0,2615.0,2519.0,2615.0]","[true,true,true,true,true,true,true,true,true,true]","[9.0,9.0,9.0,9.0,9.0,9.0,9.0,9.0,9.0,9.0]","[91.0,94.0,91.0,90.0,91.0,92.0,90.0,90.0,91.0,92.0]","[2029.0,2052.0,2084.0,2113.0,2112.0,2039.0,2175.0,2080.0,1984.0,2080.0]","[false,false,false,false,false,false,false,false,false,false]","[10.0,10.0,10.0,10.0,10.0,10.0,10.0,10.0,10.0,10.0]","[241.0,243.0,240.0,246.0,245.0,244.0,241.0,248.0,245.0,243.0]"
3920,3920,62.4260479810112,0.5217433634703332,6.863509864075963,50.48685647553624,100.0,40.69190633391128,-52118.50639999404,-29.0,8,"[0.5217433634703332,0.5217433634703332,0.5217433634703332,0.5217433634703332,0.5217433634703332,0.5217433634703332,0.5217433634703332,0.5217433634703332]","[92.15,93.74,94.41000000000001,92.47,93.2,91.88,91.3,92.63]","[62.4260479810112,62.4260479810112,62.4260479810112,62.4260479810112,62.4260479810112,62.4260479810112,62.4260479810112,62.4260479810112]","[10.0,10.0,10.0,10.0,10.0,10.0,10.0,10.0]","[6.863509864075963,6.863509864075963,6.863509864075963,6.863509864075963,6.863509864075963,6.863509864075963,6.863509864075963,6.863509864075963]","[5.0,5.0,5.0,5.0,5.0,5.0,5.0,5.0]","[100.0,100.0,100.0,100.0,100.0,100.0,100.0,100.0]","[301.0,264.0,276.0,283.0,313.0,302.0,260.0,278.0]","[50.48685647553624,50.48685647553624,50.48685647553624,50.48685647553624,50.48685647553624,50.48685647553624,50.48685647553624,50.48685647553624]","[931036870,-1836354545,887786229,223969843,-1106574903,-559547139,-1050901916,-344177215]","[9936.810999995942,7933.423199996199,8537.888799995933,7022.593199996401,7630.501799996062,6744.5865999962625,8044.350399996154,7397.754999996221]","[true,true,true,true,true,true,true,true]","[29.0,41.0,29.0,38.0,35.0,31.0,30.0,35.0]","[54371.85599999364,53459.899199993764,53429.350399993644,52118.50639999404,52949.58399999378,52334.100799993976,53214.75759999403,52796.83999999392]","[1.0,1.0,1.0,1.0,1.0,1.0,1.0,1.0]","[40.69190633391128,40.69190633391128,40.69190633391128,40.69190633391128,40.69190633391128,40.69190633391128,40.69190633391128,40.69190633391128]","[4883.0,4803.0,5060.0,4936.0,5014.0,4843.0,4939.0,4881.0]","[true,true,true,true,true,true,true,true]","[9.0,9.0,9.0,9.0,9.0,9.0,9.0,9.0]","[90.0,95.0,93.0,89.0,91.0,88.0,91.0,89.0]","[4348.0,4268.0,4525.0,4401.0,4479.0,4308.0,4404.0,4346.0]","[false,false,false,false,false,false,false,false]","[10.0,10.0,10.0,10.0,10.0,10.0,10.0,10.0]","[241.0,245.0,243.0,243.0,242.0,242.0,242.0,241.0]"
3920,3920,68.53365118422651,0.6600680214637774,8.111286077820118,72.85584781129295,72.36230015683304,44.51822051832169,-52586.25359999383,-27.0,5,"[0.6600680214637774,0.6600680214637774,0.6600680214637774,0.6600680214637774,0.6600680214637774]","[95.26,94.46,93.99,93.36,92.9]","[68.53365118422651,68.53365118422651,68.53365118422651,68.53365118422651,68.53365118422651]","[10.0,10.0,10.0,10.0,10.0]","[8.111286077820118,8.111286077820118,8.111286077820118,8.111286077820118,8.111286077820118]","[5.0,5.0,5.0,5.0,5.0]","[72.36230015683304,72.36230015683304,72.36230015683304,72.36230015683304,72.36230015683304]","[101.0,138.0,102.0,101.0,121.0]","[72.85584781129295,72.85584781129295,72.85584781129295,72.85584781129295,72.85584781129295]","[-1885119313,1364007717,-1535483329,-457824084,1127567663]","[7904.251599996111,7953.830799995994,8771.324199996161,7773.98099999602,7750.818999996256]","[true,true,true,true,true]","[44.0,31.0,35.0,27.0,34.0]","[53181.95519999372,53488.19439999369,53231.7847999938,53177.94879999376,52586.25359999383]","[1.0,1.0,1.0,1.0,1.0]","[44.51822051832169,44.51822051832169,44.51822051832169,44.51822051832169,44.51822051832169]","[5703.0,5552.0,5672.0,5645.0,5590.0]","[true,true,true,true,true]","[9.0,9.0,9.0,9.0,9.0]","[92.0,94.0,91.0,95.0,94.0]","[5168.0,5017.0,5137.0,5110.0,5055.0]","[false,false,false,false,false]","[10.0,10.0,10.0,10.0,10.0]","[249.0,250.0,250.0,250.0,250.0]"
3920,3920,69.6734212197183,0.5977802607604223,9.990288416442924,68.78431864281033,53.287792160615986,50.0,-53284.11839999367,-31.0,3,"[0.5977802607604223,0.5977802607604223,0.5977802607604223]","[94.71000000000001,94.23,93.8]","[69.6734212197183,69.6734212197183,69.6734212197183]","[10.0,10.0,10.0]","[9.990288416442924,9.990288416442924,9.990288416442924]","[5.0,5.0,5.0]","[53.287792160615986,53.287792160615986,53.287792160615986]","[130.0,140.0,136.0]","[68.78431864281033,68.78431864281033,68.78431864281033]","[-946556789,-1781715835,-1411110072]","[8205.169799996067,7956.209599996015,8836.866399996128]","[true,true,true]","[37.0,37.0,31.0]","[53543.53279999367,53284.11839999367,53398.05039999372]","[1.0,1.0,1.0]","[50.0,50.0,50.0]","[5804.0,6049.0,5837.0]","[true,true,true]","[9.0,9.0,9.0]","[95.0,92.0,89.0]","[5269.0,5514.0,5302.0]","[false,false,false]","[10.0,10.0,10.0]","[249.0,250.0,246.0]"
3920,3920,45.80290060713231,0.8998942800456785,6.534129721291154,46.042176685380554,66.77824349415957,50.0,-51992.05439999466,-31.0,6,"[0.8998942800456785,0.8998942800456785,0.8998942800456785,0.8998942800456785,0.8998942800456785,0.8998942800456785]","[92.55,93.08999999999999,90.0,92.96,94.27,84.19]","[45.80290060713231,45.80290060713231,45.80290060713231,45.80290060713231,45.80290060713231,45.80290060713231]","[10.0,10.0,10.0,10.0,10.0,10.0]","[6.534129721291154,6.534129721291154,6.534129721291154,6.534129721291154,6.534129721291154,6.534129721291154]","[5.0,5.0,5.0,5.0,5.0,5.0]","[66.77824349415957,66.77824349415957,66.77824349415957,66.77824349415957,66.77824349415957,66.77824349415957]","[288.0,310.0,331.0,245.0,311.0,731.0]","[46.042176685380554,46.042176685380554,46.042176685380554,46.042176685380554,46.042176685380554,46.042176685380554]","[-1183552044,435630954,-537824458,-135303717,1128962644,1794953707]","[8331.872199996003,6340.315799996271,7542.298399996456,6779.579999996029,7833.951799996139,6960.118399996936]","[true,true,true,true,true,true]","[37.0,37.0,47.0,31.0,31.0,36.0]","[53347.4695999937,52049.39599999404,53162.67439999407,52815.870399993844,52775.0551999938,51992.05439999466]","[1.0,1.0,1.0,1.0,1.0,1.0]","[50.0,50.0,50.0,50.0,50.0,50.0]","[5529.0,5430.0,4657.0,5707.0,5595.0,2815.0]","[true,true,true,true,true,true]","[9.0,9.0,9.0,9.0,9.0,9.0]","[91.0,90.0,92.0,96.0,91.0,95.0]","[4994.0,4895.0,4122.0,5172.0,5060.0,2280.0]","[false,false,false,false,false,false]","[10.0,10.0,10.0,10.0,10.0,10.0]","[242.0,240.0,240.0,241.0,242.0,225.0]"
3920,3920,48.666904429042056,0.0534191124001499,1.0,35.78225878036432,50.94084210656932,19.48822531339405,-42759.80639999823,-45.0,9,"[0.0534191124001499,0.0534191124001499,0.0534191124001499,0.0534191124001499,0.0534191124001499,0.0534191124001499,0.0534191124001499,0.0534191124001499,0.0534191124001499]","[24.86,25.8,23.45,28.16,33.72,29.360000000000003,32.45,38.09,27.32]","[48.666904429042056,48.666904429042056,48.666904429042056,48.666904429042056,48.666904429042056,48.666904429042056,48.666904429042056,48.666904429042056,48.666904429042056]","[10.0,10.0,10.0,10.0,10.0,10.0,10.0,10.0,10.0]","[1.0,1.0,1.0,1.0,1.0,1.0,1.0,1.0,1.0]","[5.0,5.0,5.0,5.0,5.0,5.0,5.0,5.0,5.0]","[50.94084210656932,50.94084210656932,50.94084210656932,50.94084210656932,50.94084210656932,50.94084210656932,50.94084210656932,50.94084210656932,50.94084210656932]","[667.0,166.0,465.0,182.0,487.0,177.0,266.0,347.0,631.0]","[35.78225878036432,35.78225878036432,35.78225878036432,35.78225878036432,35.78225878036432,35.78225878036432,35.78225878036432,35.78225878036432,35.78225878036432]","[1877397175,61363757,1796235793,-136274858,-829197583,1632991689,-1039940328,-1838141064,1952482314]","[-1708.666999999361,-2249.969199999454,-1733.3313999994134,-2137.9151999994792,-553.3839999996708,-2012.777799999698,-896.4319999997897,308.6179999999513,-966.2935999994224]","[true,true,true,true,true,true,true,true,true]","[58.0,50.0,57.0,45.0,45.0,45.0,49.0,50.0,52.0]","[43599.14719999838,43663.249599998264,43264.36239999837,42759.80639999823,44075.90879999803,42895.02239999812,44287.997599997965,45532.9863999976,43904.63519999829]","[1.0,1.0,1.0,1.0,1.0,1.0,1.0,1.0,1.0]","[19.48822531339405,19.48822531339405,19.48822531339405,19.48822531339405,19.48822531339405,19.48822531339405,19.48822531339405,19.48822531339405,19.48822531339405]","[135.0,147.0,120.0,201.0,319.0,223.0,375.0,436.0,159.0]","[true,true,true,true,true,true,true,true,true]","[9.0,9.0,9.0,9.0,9.0,9.0,9.0,9.0,9.0]","[95.0,90.0,92.0,92.0,94.0,89.0,91.0,94.0,93.0]","[-400.0,-388.0,-415.0,-334.0,-216.0,-312.0,-160.0,-99.0,-376.0]","[false,false,false,false,false,false,false,false,false]","[10.0,10.0,10.0,10.0,10.0,10.0,10.0,10.0,10.0]","[45.0,7.0,75.0,8.0,189.0,7.0,190.0,209.0,116.0]"
3920,3920,46.33864685078737,0.06259966043435256,1.1632858296564392,11.022993635783717,52.715852721641454,5.0,-42774.830399998275,-51.0,3,"[0.06259966043435256,0.06259966043435256,0.06259966043435256]","[24.8,25.080000000000002,25.86]","[46.33864685078737,46.33864685078737,46.33864685078737]","[10.0,10.0,10.0]","[1.1632858296564392,1.1632858296564392,1.1632858296564392]","[5.0,5.0,5.0]","[52.715852721641454,52.715852721641454,52.715852721641454]","[270.0,252.0,403.0]","[11.022993635783717,11.022993635783717,11.022993635783717]","[664211426,358543547,-1713789511]","[-2126.3341999994227,-2832.775199999349,-2641.406999999337]","[true,true,true]","[55.0,54.0,51.0]","[43382.55119999829,42774.830399998275,43798.96639999829]","[1.0,1.0,1.0]","[5.0,5.0,5.0]","[139.0,132.0,155.0]","[true,true,true]","[9.0,9.0,9.0]","[90.0,90.0,91.0]","[-396.0,-403.0,-380.0]","[false,false,false]","[10.0,10.0,10.0]","[144.0,141.0,125.0]"
3920,3920,10.730955414522718,0.0,4.400185474200825,100.0,1.0,5.0,-42645.6239999982,-46.0,6,"[0.0,0.0,0.0,0.0,0.0,0.0]","[24.83,26.82,24.77,29.21,27.48,27.169999999999998]","[10.730955414522718,10.730955414522718,10.730955414522718,10.730955414522718,10.730955414522718,10.730955414522718]","[10.0,10.0,10.0,10.0,10.0,10.0]","[4.400185474200825,4.400185474200825,4.400185474200825,4.400185474200825,4.400185474200825,4.400185474200825]","[5.0,5.0,5.0,5.0,5.0,5.0]","[1.0,1.0,1.0,1.0,1.0,1.0]","[246.0,271.0,271.0,229.0,231.0,292.0]","[100.0,100.0,100.0,100.0,100.0,100.0]","[-342117673,1234252827,-1037162422,-141216207,-1556402812,-378594793]","[-1077.2833999992217,-1766.1963999993386,-1902.914799999271,-2140.91999999938,-2791.5217999995,-2094.0951999995523]","[true,true,true,true,true,true]","[57.0,52.0,54.0,46.0,52.0,51.0]","[43959.472799998344,43324.708799998334,43193.499199998434,43091.335999998286,42645.6239999982,42757.55279999815]","[1.0,1.0,1.0,1.0,1.0,1.0]","[5.0,5.0,5.0,5.0,5.0,5.0]","[127.0,180.0,145.0,188.0,182.0,187.0]","[true,true,true,true,true,true]","[9.0,9.0,9.0,9.0,9.0,9.0]","[90.0,91.0,92.0,91.0,93.0,90.0]","[-408.0,-355.0,-390.0,-347.0,-353.0,-348.0]","[false,false,false,false,false,false]","[10.0,10.0,10.0,10.0,10.0,10.0]","[4.0,5.0,13.0,0.0,3.0,13.0]"
